arrivalTime,departureTime
0,2013-07-01 04:47:06
2013-07-01 05:52:18,0
0,2013-07-01 06:25:57
0,2013-07-01 06:41:26
0,2013-07-01 07:20:12
2013-07-01 07:17:04,0
2013-07-01 07:17:30,0
0,2013-07-01 08:25:36
0,2013-07-01 08:23:10
0,2013-07-01 09:28:19
0,2013-07-01 08:30:35
0,2013-07-01 08:31:34
0,2013-07-01 08:35:26
0,2013-07-01 08:42:08
0,2013-07-01 08:39:49
0,2013-07-01 09:03:16
0,2013-07-01 09:10:49
2013-07-01 08:58:32,0
2013-07-01 09:06:48,0
0,2013-07-01 09:18:58
0,2013-07-01 09:19:06
0,2013-07-01 09:44:01
2013-07-01 09:27:41,0
2013-07-01 09:28:00,0
0,2013-07-01 09:36:35
2013-07-01 10:53:56,0
2013-07-01 11:37:50,0
0,2013-07-01 12:16:37
0,2013-07-01 12:00:21
0,2013-07-01 12:07:06
0,2013-07-01 12:34:35
2013-07-01 12:28:48,0
2013-07-01 12:46:06,0
0,2013-07-01 13:25:22
0,2013-07-01 13:41:11
0,2013-07-01 13:49:15
0,2013-07-01 13:56:43
2013-07-01 13:53:27,0
0,2013-07-01 14:18:16
0,2013-07-01 15:35:49
2013-07-01 15:26:30,0
2013-07-01 15:35:53,0
0,2013-07-01 15:50:46
0,2013-07-01 16:01:41
0,2013-07-01 16:22:26
2013-07-01 16:07:15,0
2013-07-01 16:45:31,0
2013-07-01 17:03:33,0
2013-07-01 17:08:11,0
0,2013-07-01 17:15:35
2013-07-01 17:09:31,0
0,2013-07-01 17:38:53
0,2013-07-01 17:26:02
0,2013-07-01 17:30:38
2013-07-01 17:25:28,0
2013-07-01 17:28:12,0
2013-07-01 17:40:08,0
2013-07-01 17:43:11,0
0,2013-07-01 18:19:34
2013-07-01 17:46:37,0
0,2013-07-01 18:19:23
0,2013-07-01 17:57:33
2013-07-01 17:54:45,0
2013-07-01 17:55:21,0
2013-07-01 17:55:38,0
2013-07-01 17:58:33,0
2013-07-01 17:58:46,0
2013-07-01 17:59:04,0
2013-07-01 18:01:26,0
0,2013-07-01 18:10:32
0,2013-07-01 18:21:16
2013-07-01 18:07:53,0
2013-07-01 18:17:25,0
2013-07-01 18:22:03,0
0,2013-07-01 18:42:34
2013-07-01 18:29:17,0
2013-07-01 18:31:04,0
2013-07-01 18:32:27,0
2013-07-01 18:39:50,0
0,2013-07-01 19:06:55
2013-07-01 18:59:26,0
2013-07-01 18:59:57,0
2013-07-01 19:03:42,0
2013-07-01 19:11:06,0
0,2013-07-01 20:07:10
0,2013-07-01 20:01:24
0,2013-07-01 20:29:25
2013-07-01 20:10:09,0
0,2013-07-01 20:26:40
0,2013-07-01 20:23:54
2013-07-01 20:23:10,0
0,2013-07-01 21:01:22
2013-07-01 20:34:41,0
2013-07-01 20:44:07,0
2013-07-01 20:44:34,0
0,2013-07-01 20:55:51
2013-07-01 20:57:48,0
2013-07-01 21:05:12,0
0,2013-07-01 21:12:07
0,2013-07-01 21:23:43
2013-07-01 21:24:26,0
0,2013-07-01 21:41:40
2013-07-01 21:36:13,0
2013-07-01 22:00:54,0
2013-07-01 22:13:53,0
2013-07-01 22:21:22,0
0,2013-07-01 22:23:31
0,2013-07-02 04:55:28
0,2013-07-02 07:07:25
0,2013-07-02 07:33:22
2013-07-02 07:18:18,0
2013-07-02 07:21:37,0
2013-07-02 07:31:28,0
2013-07-02 08:01:16,0
0,2013-07-02 08:17:45
0,2013-07-02 08:23:24
0,2013-07-02 08:40:12
0,2013-07-02 08:39:12
0,2013-07-02 08:29:42
0,2013-07-02 08:29:43
0,2013-07-02 08:43:11
0,2013-07-02 08:49:44
0,2013-07-02 08:52:03
2013-07-02 08:41:12,0
0,2013-07-02 08:52:07
0,2013-07-02 08:51:17
2013-07-02 08:48:40,0
0,2013-07-02 09:06:15
2013-07-02 08:52:50,0
0,2013-07-02 11:45:39
0,2013-07-02 09:05:12
2013-07-02 09:07:01,0
2013-07-02 09:07:15,0
0,2013-07-02 09:16:53
2013-07-02 09:33:15,0
0,2013-07-02 09:40:58
0,2013-07-02 09:58:41
0,2013-07-02 09:58:36
0,2013-07-02 09:59:31
0,2013-07-02 10:04:29
0,2013-07-02 10:15:59
0,2013-07-02 10:04:12
0,2013-07-02 10:29:29
0,2013-07-02 11:02:01
2013-07-02 10:46:20,0
0,2013-07-02 10:55:14
2013-07-02 11:01:59,0
0,2013-07-02 11:16:35
2013-07-02 11:20:25,0
0,2013-07-02 11:38:46
0,2013-07-02 11:44:18
2013-07-02 11:38:54,0
2013-07-02 11:55:56,0
2013-07-02 11:56:31,0
0,2013-07-02 12:09:19
2013-07-02 11:59:38,0
0,2013-07-02 12:09:04
0,2013-07-02 12:20:28
2013-07-02 12:17:50,0
2013-07-02 12:31:09,0
2013-07-02 12:37:47,0
0,2013-07-02 12:48:42
0,2013-07-02 12:51:01
0,2013-07-02 12:55:56
0,2013-07-02 13:30:50
2013-07-02 13:17:29,0
0,2013-07-02 13:59:35
2013-07-02 14:01:22,0
0,2013-07-02 14:16:59
2013-07-02 14:33:15,0
0,2013-07-02 14:50:43
0,2013-07-02 14:45:35
2013-07-02 15:17:34,0
0,2013-07-02 15:45:03
0,2013-07-02 16:06:09
2013-07-02 16:10:22,0
2013-07-02 16:19:18,0
0,2013-07-02 16:40:34
2013-07-02 16:23:35,0
2013-07-02 16:31:41,0
2013-07-02 17:01:43,0
2013-07-02 17:01:51,0
0,2013-07-02 17:16:15
0,2013-07-02 17:16:18
0,2013-07-02 17:21:09
2013-07-02 17:08:04,0
2013-07-02 17:10:46,0
2013-07-02 17:13:07,0
0,2013-07-02 18:01:21
0,2013-07-02 17:53:55
2013-07-02 17:23:31,0
2013-07-02 17:31:07,0
2013-07-02 17:37:13,0
2013-07-02 17:42:47,0
0,2013-07-02 17:57:19
0,2013-07-02 18:22:07
2013-07-02 17:51:04,0
0,2013-07-02 18:14:04
2013-07-02 18:00:03,0
0,2013-07-02 18:01:34
2013-07-02 18:02:40,0
2013-07-02 18:03:02,0
2013-07-02 18:05:28,0
0,2013-07-02 18:12:24
0,2013-07-02 18:43:57
2013-07-02 18:19:05,0
0,2013-07-02 18:41:00
2013-07-02 18:23:16,0
0,2013-07-02 18:52:15
2013-07-02 18:28:34,0
0,2013-07-02 18:32:38
0,2013-07-02 18:42:39
2013-07-02 18:31:41,0
0,2013-07-02 18:44:06
2013-07-02 18:38:11,0
0,2013-07-02 19:01:20
2013-07-02 18:52:14,0
2013-07-02 18:59:22,0
2013-07-02 19:05:31,0
0,2013-07-02 19:34:13
0,2013-07-02 19:20:48
2013-07-02 19:16:13,0
2013-07-02 19:16:52,0
2013-07-02 19:17:06,0
0,2013-07-02 19:52:16
2013-07-02 19:34:24,0
2013-07-02 19:34:26,0
2013-07-02 19:55:36,0
0,2013-07-02 20:11:54
0,2013-07-02 20:15:35
0,2013-07-02 22:00:07
2013-07-03 01:26:17,0
2013-07-03 01:26:46,0
0,2013-07-03 04:39:09
0,2013-07-03 06:51:55
2013-07-03 06:52:49,0
0,2013-07-03 09:21:26
2013-07-03 07:03:33,0
2013-07-03 07:07:39,0
2013-07-03 07:18:20,0
2013-07-03 07:34:48,0
2013-07-03 07:39:08,0
0,2013-07-03 08:08:44
0,2013-07-03 08:18:53
0,2013-07-03 08:16:31
0,2013-07-03 08:31:51
2013-07-03 08:09:50,0
0,2013-07-03 08:15:49
0,2013-07-03 08:39:03
0,2013-07-03 09:06:11
0,2013-07-03 08:46:41
0,2013-07-03 09:01:37
0,2013-07-03 09:07:52
0,2013-07-03 09:09:55
0,2013-07-03 09:32:02
0,2013-07-03 09:19:43
2013-07-03 09:25:08,0
2013-07-03 09:30:38,0
0,2013-07-03 09:48:34
0,2013-07-03 09:46:00
0,2013-07-03 10:03:31
0,2013-07-03 09:48:02
0,2013-07-03 09:58:05
2013-07-03 09:49:12,0
0,2013-07-03 10:08:56
0,2013-07-03 10:13:20
0,2013-07-03 10:08:17
0,2013-07-03 10:15:18
0,2013-07-03 10:30:55
0,2013-07-03 10:22:47
0,2013-07-03 10:37:44
2013-07-03 10:23:48,0
2013-07-03 10:36:22,0
0,2013-07-03 10:56:48
0,2013-07-03 10:56:44
2013-07-03 10:40:34,0
2013-07-03 10:42:06,0
2013-07-03 11:01:27,0
2013-07-03 11:01:51,0
2013-07-03 11:02:52,0
0,2013-07-03 11:40:15
2013-07-03 11:21:20,0
2013-07-03 11:22:41,0
0,2013-07-03 11:43:23
0,2013-07-03 11:43:40
2013-07-03 11:41:06,0
0,2013-07-03 11:59:03
2013-07-03 12:14:08,0
2013-07-03 12:14:52,0
0,2013-07-03 12:32:33
0,2013-07-03 12:35:55
2013-07-03 12:33:40,0
0,2013-07-03 12:42:11
2013-07-03 12:43:04,0
2013-07-03 12:43:18,0
2013-07-03 12:47:45,0
0,2013-07-03 13:02:56
2013-07-03 13:01:29,0
2013-07-03 13:03:01,0
2013-07-03 13:04:36,0
0,2013-07-03 13:26:41
2013-07-03 13:21:06,0
0,2013-07-03 13:32:08
0,2013-07-03 13:32:06
2013-07-03 13:35:43,0
2013-07-03 13:39:05,0
0,2013-07-03 13:42:24
2013-07-03 13:44:13,0
2013-07-03 13:46:08,0
2013-07-03 13:48:15,0
2013-07-03 13:48:42,0
2013-07-03 13:49:26,0
0,2013-07-03 14:01:12
0,2013-07-03 14:15:48
0,2013-07-03 14:24:10
2013-07-03 14:18:34,0
0,2013-07-03 14:50:41
0,2013-07-03 14:51:27
2013-07-03 14:51:08,0
2013-07-03 15:21:41,0
2013-07-03 15:22:36,0
2013-07-03 15:29:43,0
0,2013-07-03 15:52:15
2013-07-03 15:52:45,0
2013-07-03 15:57:49,0
2013-07-03 16:13:20,0
2013-07-03 16:29:28,0
2013-07-03 16:38:54,0
2013-07-03 16:41:46,0
2013-07-03 16:46:14,0
2013-07-03 16:46:34,0
0,2013-07-03 17:16:30
2013-07-03 17:19:16,0
0,2013-07-03 17:34:43
0,2013-07-03 17:42:00
2013-07-03 17:38:22,0
0,2013-07-03 18:05:03
2013-07-03 17:51:55,0
0,2013-07-03 18:04:31
2013-07-03 18:05:27,0
0,2013-07-03 19:08:26
0,2013-07-03 19:08:12
0,2013-07-03 19:25:19
2013-07-03 20:01:03,0
0,2013-07-03 20:14:47
2013-07-03 20:13:50,0
2013-07-03 20:13:50,0
0,2013-07-03 20:26:32
2013-07-03 20:23:52,0
0,2013-07-03 20:52:28
2013-07-03 20:56:20,0
2013-07-03 21:05:53,0
0,2013-07-03 21:30:24
2013-07-03 21:36:02,0
2013-07-04 04:12:26,0
2013-07-04 04:12:53,0
0,2013-07-04 05:39:23
0,2013-07-04 05:39:59
0,2013-07-04 09:44:07
2013-07-04 09:49:07,0
2013-07-04 11:34:00,0
2013-07-04 12:13:58,0
0,2013-07-04 12:32:01
0,2013-07-04 12:46:41
0,2013-07-04 12:48:17
0,2013-07-04 12:54:30
0,2013-07-04 12:53:53
2013-07-04 12:48:37,0
0,2013-07-04 13:05:29
0,2013-07-04 13:04:19
0,2013-07-04 13:24:19
0,2013-07-04 13:24:19
2013-07-04 13:18:18,0
2013-07-04 13:18:24,0
0,2013-07-04 13:34:19
2013-07-04 13:24:19,0
2013-07-04 13:24:26,0
2013-07-04 13:24:52,0
2013-07-04 13:25:09,0
0,2013-07-04 13:55:09
2013-07-04 13:44:26,0
2013-07-04 14:04:18,0
2013-07-04 14:09:09,0
0,2013-07-04 14:19:36
2013-07-04 14:26:33,0
0,2013-07-04 14:39:03
0,2013-07-04 14:39:00
2013-07-04 14:31:12,0
0,2013-07-04 14:36:08
0,2013-07-04 14:51:33
0,2013-07-04 14:51:46
0,2013-07-04 14:44:30
2013-07-04 14:49:30,0
2013-07-04 14:50:20,0
2013-07-04 14:50:22,0
2013-07-04 14:51:31,0
2013-07-04 14:56:44,0
2013-07-04 14:56:48,0
2013-07-04 15:07:18,0
0,2013-07-04 15:12:07
0,2013-07-04 15:45:04
2013-07-04 15:17:58,0
2013-07-04 15:18:56,0
0,2013-07-04 15:28:35
2013-07-04 15:28:45,0
2013-07-04 15:29:14,0
2013-07-04 15:32:08,0
2013-07-04 15:33:54,0
0,2013-07-04 16:05:13
2013-07-04 15:35:51,0
0,2013-07-04 16:14:35
2013-07-04 15:42:24,0
0,2013-07-04 16:14:23
2013-07-04 15:42:43,0
2013-07-04 15:48:53,0
2013-07-04 15:48:58,0
2013-07-04 16:10:58,0
2013-07-04 16:16:17,0
2013-07-04 16:16:19,0
2013-07-04 16:50:23,0
2013-07-04 17:25:30,0
2013-07-04 17:47:46,0
2013-07-04 17:59:44,0
0,2013-07-04 18:38:50
0,2013-07-04 18:38:30
0,2013-07-04 18:37:19
2013-07-04 18:43:12,0
2013-07-04 18:44:26,0
0,2013-07-04 19:49:23
0,2013-07-04 19:49:36
0,2013-07-04 19:49:14
2013-07-04 19:59:50,0
2013-07-04 20:00:15,0
2013-07-04 20:12:20,0
2013-07-04 20:12:39,0
2013-07-04 20:14:25,0
0,2013-07-04 23:00:49
0,2013-07-04 23:00:53
0,2013-07-05 00:14:34
2013-07-05 00:47:00,0
0,2013-07-05 03:53:58
0,2013-07-05 03:54:35
0,2013-07-05 03:54:03
2013-07-05 04:02:27,0
2013-07-05 04:03:25,0
2013-07-05 04:06:41,0
0,2013-07-05 04:57:10
2013-07-05 04:57:54,0
0,2013-07-05 07:32:24
0,2013-07-05 07:28:46
0,2013-07-05 08:36:53
0,2013-07-05 09:07:27
0,2013-07-05 09:01:19
0,2013-07-05 09:37:29
0,2013-07-05 09:24:15
0,2013-07-05 09:23:38
2013-07-05 09:31:34,0
2013-07-05 09:38:51,0
2013-07-05 09:40:52,0
0,2013-07-05 09:52:28
2013-07-05 10:07:29,0
0,2013-07-05 10:17:49
0,2013-07-05 10:27:43
0,2013-07-05 10:27:39
0,2013-07-05 10:34:36
0,2013-07-05 10:44:38
0,2013-07-05 10:56:24
0,2013-07-05 10:56:22
2013-07-05 10:42:27,0
0,2013-07-05 11:23:06
2013-07-05 11:05:36,0
2013-07-05 11:09:01,0
2013-07-05 11:11:32,0
2013-07-05 11:11:34,0
0,2013-07-05 11:32:45
0,2013-07-05 11:57:11
0,2013-07-05 12:08:47
0,2013-07-05 12:27:33
2013-07-05 12:21:05,0
0,2013-07-05 12:51:56
0,2013-07-05 12:36:56
2013-07-05 12:38:43,0
0,2013-07-05 12:49:34
2013-07-05 13:18:37,0
2013-07-05 13:25:44,0
0,2013-07-05 14:47:34
0,2013-07-05 14:56:51
0,2013-07-05 14:56:07
2013-07-05 14:55:21,0
2013-07-05 14:57:32,0
2013-07-05 14:58:32,0
0,2013-07-05 15:10:27
2013-07-05 15:08:44,0
0,2013-07-05 15:23:32
0,2013-07-05 17:16:24
0,2013-07-05 17:16:13
2013-07-05 15:20:35,0
2013-07-05 15:22:31,0
2013-07-05 15:22:47,0
2013-07-05 15:26:40,0
0,2013-07-05 15:42:40
2013-07-05 15:39:14,0
2013-07-05 15:40:50,0
2013-07-05 15:51:07,0
2013-07-05 15:51:13,0
0,2013-07-05 15:57:04
2013-07-05 15:59:36,0
2013-07-05 15:59:59,0
2013-07-05 16:08:12,0
2013-07-05 16:31:54,0
0,2013-07-05 17:42:35
0,2013-07-05 17:42:16
2013-07-05 16:35:46,0
2013-07-05 16:43:01,0
0,2013-07-05 17:01:12
0,2013-07-05 19:30:38
2013-07-05 17:24:05,0
0,2013-07-05 19:30:20
0,2013-07-05 17:44:36
2013-07-05 17:35:31,0
0,2013-07-05 17:44:25
0,2013-07-05 17:50:50
0,2013-07-05 18:21:01
2013-07-05 18:14:05,0
2013-07-05 18:22:24,0
2013-07-05 18:46:07,0
0,2013-07-05 19:30:39
0,2013-07-05 19:42:11
0,2013-07-05 19:30:43
2013-07-05 19:37:07,0
2013-07-05 19:46:58,0
2013-07-05 19:48:39,0
2013-07-05 19:48:42,0
2013-07-05 20:07:44,0
0,2013-07-05 20:47:10
0,2013-07-05 20:47:02
2013-07-05 20:25:10,0
2013-07-05 20:35:07,0
2013-07-05 20:47:09,0
2013-07-05 20:47:17,0
0,2013-07-05 21:33:54
2013-07-05 21:42:12,0
0,2013-07-08 00:31:04
2013-07-08 00:32:14,0
2013-07-08 04:24:41,0
0,2013-07-08 07:54:54
0,2013-07-08 08:10:21
0,2013-07-08 08:28:05
0,2013-07-08 08:31:27
0,2013-07-08 08:19:05
0,2013-07-08 08:29:36
0,2013-07-08 08:21:42
0,2013-07-08 08:24:48
0,2013-07-08 08:26:38
2013-07-08 08:13:20,0
0,2013-07-08 08:40:51
0,2013-07-08 08:28:58
0,2013-07-08 08:46:40
0,2013-07-08 08:56:00
0,2013-07-08 08:54:01
0,2013-07-08 09:10:22
2013-07-08 08:56:59,0
0,2013-07-08 09:11:36
0,2013-07-08 09:09:23
0,2013-07-08 09:25:09
2013-07-08 09:02:56,0
0,2013-07-08 09:35:16
0,2013-07-08 09:34:34
0,2013-07-08 09:29:05
0,2013-07-08 09:36:28
0,2013-07-08 10:04:29
2013-07-08 10:19:38,0
0,2013-07-08 10:38:02
0,2013-07-08 10:38:06
0,2013-07-08 11:42:48
2013-07-08 11:39:30,0
2013-07-08 11:46:36,0
0,2013-07-08 12:23:44
0,2013-07-08 12:23:38
2013-07-08 12:17:33,0
0,2013-07-08 12:28:51
0,2013-07-08 12:39:01
2013-07-08 12:25:49,0
0,2013-07-08 12:45:51
2013-07-08 12:36:02,0
2013-07-08 12:44:29,0
0,2013-07-08 13:09:56
0,2013-07-08 13:06:17
2013-07-08 13:06:15,0
0,2013-07-08 13:15:39
2013-07-08 13:11:55,0
2013-07-08 13:20:59,0
2013-07-08 14:02:55,0
2013-07-08 14:05:08,0
0,2013-07-08 14:34:59
0,2013-07-08 14:27:54
2013-07-08 14:31:55,0
2013-07-08 14:32:02,0
0,2013-07-08 14:39:36
0,2013-07-08 14:42:01
2013-07-08 14:50:12,0
0,2013-07-08 14:54:27
0,2013-07-08 15:00:08
2013-07-08 14:56:05,0
2013-07-08 15:04:22,0
0,2013-07-08 15:22:41
0,2013-07-08 15:21:49
2013-07-08 15:19:22,0
2013-07-08 15:37:25,0
2013-07-08 15:55:43,0
2013-07-08 16:15:20,0
2013-07-08 16:31:15,0
2013-07-08 16:32:25,0
2013-07-08 16:32:39,0
0,2013-07-08 16:50:27
2013-07-08 16:42:15,0
2013-07-08 16:45:13,0
0,2013-07-08 16:52:23
2013-07-08 16:46:07,0
2013-07-08 16:50:49,0
2013-07-08 16:52:03,0
0,2013-07-08 16:57:52
2013-07-08 16:56:59,0
0,2013-07-08 17:16:49
2013-07-08 17:01:30,0
2013-07-08 17:04:23,0
2013-07-08 17:05:56,0
2013-07-08 17:08:16,0
2013-07-08 17:08:18,0
0,2013-07-08 17:30:54
0,2013-07-08 17:24:32
2013-07-08 17:16:59,0
2013-07-08 17:18:08,0
2013-07-08 17:20:44,0
2013-07-08 17:22:00,0
2013-07-08 17:24:49,0
2013-07-08 17:29:05,0
0,2013-07-08 17:38:54
2013-07-08 17:38:59,0
2013-07-08 18:00:50,0
0,2013-07-08 18:44:57
2013-07-08 18:43:28,0
2013-07-08 18:53:26,0
0,2013-07-08 19:04:27
0,2013-07-08 19:14:52
0,2013-07-08 20:28:57
0,2013-07-08 20:28:22
0,2013-07-08 20:34:05
2013-07-08 20:33:20,0
2013-07-08 20:47:13,0
2013-07-08 20:48:11,0
0,2013-07-08 21:09:38
2013-07-08 23:31:35,0
2013-07-09 06:56:58,0
2013-07-09 07:28:26,0
0,2013-07-09 08:01:08
0,2013-07-09 07:58:58
0,2013-07-09 07:56:38
0,2013-07-09 07:50:16
0,2013-07-09 08:13:13
2013-07-09 07:57:17,0
2013-07-09 07:57:52,0
2013-07-09 08:12:11,0
0,2013-07-09 08:17:13
0,2013-07-09 08:18:05
2013-07-09 08:16:01,0
0,2013-07-09 08:30:11
0,2013-07-09 08:33:20
0,2013-07-09 08:32:54
0,2013-07-09 08:52:25
0,2013-07-09 08:42:52
0,2013-07-09 08:35:35
0,2013-07-09 08:51:25
2013-07-09 08:47:28,0
0,2013-07-09 09:02:53
0,2013-07-09 09:02:14
0,2013-07-09 09:12:24
2013-07-09 09:00:17,0
0,2013-07-09 09:22:39
0,2013-07-09 09:25:39
0,2013-07-09 09:31:05
2013-07-09 09:20:43,0
0,2013-07-09 09:32:55
0,2013-07-09 09:36:55
0,2013-07-09 09:47:46
0,2013-07-09 10:00:05
2013-07-09 09:42:37,0
0,2013-07-09 09:52:28
2013-07-09 09:44:00,0
0,2013-07-09 09:48:56
0,2013-07-09 09:50:34
0,2013-07-09 10:07:26
0,2013-07-09 10:23:20
2013-07-09 10:14:55,0
0,2013-07-09 10:28:13
2013-07-09 10:27:50,0
2013-07-09 10:28:59,0
0,2013-07-09 10:50:43
2013-07-09 10:35:37,0
0,2013-07-09 10:58:30
2013-07-09 10:56:31,0
0,2013-07-09 11:20:23
0,2013-07-09 11:43:06
2013-07-09 11:52:05,0
2013-07-09 11:56:50,0
0,2013-07-09 12:10:44
0,2013-07-09 12:37:54
2013-07-09 12:20:25,0
2013-07-09 12:21:03,0
2013-07-09 12:37:24,0
2013-07-09 12:38:30,0
2013-07-09 12:41:05,0
2013-07-09 12:43:36,0
0,2013-07-09 13:22:29
0,2013-07-09 13:10:21
0,2013-07-09 12:58:24
0,2013-07-09 13:20:07
2013-07-09 13:08:51,0
0,2013-07-09 13:16:48
2013-07-09 13:13:57,0
0,2013-07-09 13:27:43
0,2013-07-09 13:29:40
2013-07-09 13:48:55,0
2013-07-09 14:01:23,0
2013-07-09 14:03:42,0
0,2013-07-09 14:28:14
0,2013-07-09 14:47:19
2013-07-09 15:00:03,0
2013-07-09 15:11:55,0
0,2013-07-09 15:21:34
2013-07-09 15:54:21,0
2013-07-09 16:11:40,0
2013-07-09 16:29:21,0
0,2013-07-09 16:49:17
2013-07-09 16:39:27,0
2013-07-09 16:49:15,0
0,2013-07-09 17:01:35
2013-07-09 16:57:08,0
2013-07-09 17:04:35,0
2013-07-09 17:05:36,0
2013-07-09 17:06:44,0
2013-07-09 17:11:00,0
2013-07-09 17:15:15,0
2013-07-09 17:20:02,0
0,2013-07-09 17:56:05
2013-07-09 17:31:18,0
2013-07-09 17:35:23,0
2013-07-09 17:39:30,0
2013-07-09 17:41:55,0
2013-07-09 17:43:10,0
0,2013-07-09 17:48:41
2013-07-09 17:45:12,0
2013-07-09 17:56:52,0
2013-07-09 17:58:55,0
2013-07-09 17:59:21,0
0,2013-07-09 18:06:24
2013-07-09 18:00:30,0
0,2013-07-09 18:27:33
0,2013-07-09 18:22:22
2013-07-09 18:23:02,0
2013-07-09 18:23:09,0
0,2013-07-09 18:30:14
2013-07-09 18:31:30,0
2013-07-09 18:31:37,0
0,2013-07-09 19:11:55
0,2013-07-09 19:11:45
0,2013-07-09 19:15:55
2013-07-09 19:31:51,0
0,2013-07-09 19:44:47
2013-07-09 19:41:58,0
0,2013-07-09 19:52:07
2013-07-09 19:47:11,0
2013-07-09 20:09:42,0
0,2013-07-09 20:23:45
2013-07-09 20:25:08,0
0,2013-07-09 21:26:21
0,2013-07-09 21:57:08
0,2013-07-09 22:22:16
2013-07-09 22:47:59,0
0,2013-07-09 22:50:37
2013-07-09 22:49:54,0
2013-07-10 00:50:17,0
2013-07-10 00:52:35,0
0,2013-07-10 07:32:52
0,2013-07-10 07:44:07
0,2013-07-10 07:57:38
0,2013-07-10 08:00:38
0,2013-07-10 08:05:46
2013-07-10 07:56:55,0
0,2013-07-10 08:32:57
0,2013-07-10 08:17:28
0,2013-07-10 08:17:39
2013-07-10 08:08:42,0
2013-07-10 08:14:57,0
2013-07-10 08:17:34,0
0,2013-07-10 08:48:19
0,2013-07-10 08:50:22
0,2013-07-10 08:44:01
0,2013-07-10 08:52:07
0,2013-07-10 08:57:29
0,2013-07-10 09:26:37
2013-07-10 09:32:24,0
2013-07-10 09:35:11,0
0,2013-07-10 10:26:32
0,2013-07-10 10:19:35
2013-07-10 10:13:22,0
0,2013-07-10 10:40:18
0,2013-07-10 11:03:16
2013-07-10 10:44:48,0
0,2013-07-10 10:58:06
2013-07-10 11:04:19,0
0,2013-07-10 11:15:31
2013-07-10 11:29:41,0
0,2013-07-10 11:46:09
0,2013-07-10 11:38:09
2013-07-10 11:36:09,0
2013-07-10 12:21:11,0
2013-07-10 12:21:25,0
0,2013-07-10 12:57:09
2013-07-10 12:32:44,0
0,2013-07-10 13:02:10
2013-07-10 12:51:21,0
0,2013-07-10 13:10:39
0,2013-07-10 13:17:44
2013-07-10 13:17:15,0
2013-07-10 13:19:54,0
0,2013-07-10 13:43:59
0,2013-07-10 13:44:01
0,2013-07-10 13:57:46
2013-07-10 13:44:50,0
2013-07-10 13:50:53,0
0,2013-07-10 13:55:28
2013-07-10 14:07:28,0
0,2013-07-10 14:15:12
0,2013-07-10 14:22:56
2013-07-10 14:09:22,0
0,2013-07-10 14:21:05
0,2013-07-10 14:18:48
0,2013-07-10 14:37:23
0,2013-07-10 14:46:48
2013-07-10 15:01:24,0
2013-07-10 15:45:20,0
0,2013-07-10 15:48:26
2013-07-10 15:47:51,0
2013-07-10 15:50:44,0
0,2013-07-10 15:56:16
0,2013-07-10 16:10:19
0,2013-07-10 16:13:07
0,2013-07-10 16:09:52
0,2013-07-10 16:24:34
2013-07-10 16:10:07,0
2013-07-10 16:15:53,0
0,2013-07-10 16:32:27
2013-07-10 16:27:41,0
0,2013-07-10 18:01:37
2013-07-10 16:38:09,0
2013-07-10 16:43:59,0
2013-07-10 16:49:35,0
2013-07-10 16:57:02,0
2013-07-10 17:00:02,0
2013-07-10 17:01:24,0
2013-07-10 17:04:35,0
2013-07-10 17:08:38,0
0,2013-07-10 17:27:49
2013-07-10 17:11:30,0
2013-07-10 17:14:11,0
0,2013-07-10 17:27:41
2013-07-10 17:17:45,0
2013-07-10 17:21:16,0
2013-07-10 17:21:46,0
0,2013-07-10 17:49:15
2013-07-10 17:35:20,0
2013-07-10 17:36:54,0
0,2013-07-10 18:04:13
2013-07-10 17:41:44,0
0,2013-07-10 17:54:28
0,2013-07-10 17:53:26
0,2013-07-10 18:00:09
2013-07-10 18:07:28,0
2013-07-10 18:12:39,0
2013-07-10 18:12:58,0
2013-07-10 18:13:25,0
0,2013-07-10 18:20:53
2013-07-10 18:17:19,0
2013-07-10 18:18:32,0
2013-07-10 18:25:06,0
2013-07-10 18:38:32,0
0,2013-07-10 18:50:42
2013-07-10 18:43:24,0
2013-07-10 18:46:12,0
2013-07-10 18:53:57,0
0,2013-07-10 19:22:54
0,2013-07-10 19:22:34
2013-07-10 19:04:40,0
2013-07-10 19:11:10,0
2013-07-10 19:12:12,0
0,2013-07-10 19:19:34
2013-07-10 19:18:59,0
2013-07-10 19:25:04,0
0,2013-07-10 19:37:14
0,2013-07-10 19:49:09
2013-07-10 19:31:22,0
2013-07-10 19:32:06,0
2013-07-10 19:37:01,0
2013-07-10 19:46:26,0
2013-07-10 19:49:13,0
0,2013-07-10 20:15:08
2013-07-10 20:16:07,0
0,2013-07-10 20:43:53
2013-07-10 20:55:37,0
0,2013-07-10 21:27:08
2013-07-10 21:35:16,0
0,2013-07-10 22:57:44
0,2013-07-10 23:52:45
2013-07-11 01:40:26,0
0,2013-07-11 06:57:45
0,2013-07-11 07:28:53
0,2013-07-11 07:33:22
2013-07-11 07:31:40,0
2013-07-11 07:36:29,0
0,2013-07-11 07:47:51
0,2013-07-11 08:09:48
2013-07-11 07:48:18,0
0,2013-07-11 07:58:35
0,2013-07-11 08:01:46
0,2013-07-11 08:19:27
2013-07-11 08:00:08,0
0,2013-07-11 08:23:43
0,2013-07-11 08:28:11
0,2013-07-11 08:27:36
0,2013-07-11 08:46:36
0,2013-07-11 08:35:07
0,2013-07-11 08:50:51
0,2013-07-11 08:54:34
0,2013-07-11 08:54:07
2013-07-11 08:46:12,0
2013-07-11 08:50:03,0
2013-07-11 08:52:37,0
0,2013-07-11 09:10:32
0,2013-07-11 09:10:21
2013-07-11 09:02:10,0
2013-07-11 09:07:15,0
2013-07-11 09:11:39,0
0,2013-07-11 09:35:20
0,2013-07-11 09:24:09
0,2013-07-11 09:41:35
2013-07-11 09:35:05,0
2013-07-11 09:37:13,0
0,2013-07-11 09:52:57
0,2013-07-11 09:54:16
2013-07-11 09:46:57,0
0,2013-07-11 10:12:34
0,2013-07-11 10:31:12
2013-07-11 10:13:29,0
2013-07-11 10:13:33,0
2013-07-11 10:17:31,0
0,2013-07-11 10:27:51
0,2013-07-11 10:44:04
2013-07-11 10:46:33,0
0,2013-07-11 10:51:50
2013-07-11 10:50:16,0
2013-07-11 10:55:37,0
0,2013-07-11 11:33:17
0,2013-07-11 11:34:20
2013-07-11 11:14:29,0
2013-07-11 11:14:51,0
0,2013-07-11 11:21:53
0,2013-07-11 11:23:06
2013-07-11 11:23:08,0
2013-07-11 11:28:16,0
2013-07-11 11:30:51,0
2013-07-11 11:53:49,0
0,2013-07-11 12:15:53
2013-07-11 12:06:49,0
2013-07-11 12:07:28,0
0,2013-07-11 12:24:13
0,2013-07-11 12:30:07
2013-07-11 12:26:38,0
0,2013-07-11 12:43:31
2013-07-11 12:43:15,0
2013-07-11 13:00:27,0
2013-07-11 13:13:17,0
0,2013-07-11 13:28:33
2013-07-11 13:37:38,0
2013-07-11 13:40:57,0
2013-07-11 13:47:03,0
0,2013-07-11 14:07:41
0,2013-07-11 14:16:20
2013-07-11 14:50:12,0
0,2013-07-11 15:05:03
0,2013-07-11 15:16:16
0,2013-07-11 15:14:53
2013-07-11 15:04:52,0
0,2013-07-11 15:07:55
0,2013-07-11 15:25:32
0,2013-07-11 15:16:25
2013-07-11 15:09:43,0
0,2013-07-11 15:22:50
2013-07-11 15:32:09,0
2013-07-11 15:50:40,0
0,2013-07-11 16:11:55
0,2013-07-11 16:21:43
0,2013-07-11 16:24:33
2013-07-11 16:08:56,0
0,2013-07-11 16:11:34
2013-07-11 16:12:17,0
2013-07-11 16:13:49,0
2013-07-11 16:18:00,0
2013-07-11 16:47:03,0
2013-07-11 16:49:59,0
2013-07-11 17:04:31,0
2013-07-11 17:10:14,0
2013-07-11 17:25:12,0
0,2013-07-11 17:26:13
0,2013-07-11 17:41:46
2013-07-11 17:41:59,0
0,2013-07-11 17:59:16
2013-07-11 18:05:09,0
0,2013-07-11 18:20:51
2013-07-11 18:07:57,0
2013-07-11 18:22:53,0
0,2013-07-11 18:39:30
0,2013-07-11 18:55:30
2013-07-11 18:32:18,0
0,2013-07-11 18:58:11
2013-07-11 18:45:46,0
0,2013-07-11 19:18:53
0,2013-07-11 19:25:50
0,2013-07-11 19:47:15
2013-07-11 19:30:07,0
0,2013-07-11 19:59:10
2013-07-11 19:47:37,0
0,2013-07-11 20:09:25
0,2013-07-11 20:12:04
2013-07-11 20:09:32,0
2013-07-11 20:15:18,0
0,2013-07-12 06:51:39
0,2013-07-12 07:28:21
0,2013-07-12 07:22:56
2013-07-12 07:18:36,0
0,2013-07-12 08:03:05
0,2013-07-12 08:24:15
0,2013-07-12 08:06:32
2013-07-12 08:04:55,0
0,2013-07-12 08:17:20
0,2013-07-12 08:24:19
0,2013-07-12 08:24:03
2013-07-12 08:37:59,0
0,2013-07-12 08:51:03
0,2013-07-12 08:59:55
0,2013-07-12 09:00:27
0,2013-07-12 09:01:57
2013-07-12 08:58:11,0
2013-07-12 09:05:42,0
0,2013-07-12 09:24:07
2013-07-12 09:10:39,0
2013-07-12 09:31:04,0
0,2013-07-12 09:44:34
2013-07-12 09:37:18,0
2013-07-12 09:55:11,0
0,2013-07-12 10:08:35
2013-07-12 10:02:52,0
0,2013-07-12 10:22:37
2013-07-12 10:05:48,0
0,2013-07-12 10:13:56
0,2013-07-12 10:28:42
0,2013-07-12 11:04:56
2013-07-12 10:40:15,0
2013-07-12 10:47:59,0
2013-07-12 11:22:12,0
2013-07-12 11:37:37,0
2013-07-12 11:45:56,0
2013-07-12 11:46:07,0
2013-07-12 11:46:15,0
2013-07-12 11:50:25,0
2013-07-12 11:54:35,0
2013-07-12 11:56:07,0
0,2013-07-12 12:45:24
0,2013-07-12 12:34:20
0,2013-07-12 12:33:51
2013-07-12 12:30:12,0
2013-07-12 12:32:35,0
2013-07-12 12:34:37,0
0,2013-07-12 12:48:31
0,2013-07-12 12:48:32
0,2013-07-12 13:26:51
0,2013-07-12 13:26:44
2013-07-12 12:53:31,0
2013-07-12 12:53:50,0
0,2013-07-12 13:13:24
2013-07-12 13:06:41,0
2013-07-12 13:07:36,0
2013-07-12 13:08:37,0
2013-07-12 13:20:25,0
2013-07-12 13:24:13,0
2013-07-12 13:24:58,0
2013-07-12 13:26:06,0
0,2013-07-12 13:37:09
2013-07-12 13:40:26,0
2013-07-12 13:45:19,0
2013-07-12 14:11:09,0
0,2013-07-12 14:18:14
2013-07-12 14:17:19,0
2013-07-12 14:25:00,0
0,2013-07-12 14:43:43
2013-07-12 14:25:27,0
0,2013-07-12 14:44:03
0,2013-07-12 14:41:31
2013-07-12 14:42:09,0
0,2013-07-12 14:51:20
0,2013-07-12 15:13:04
0,2013-07-12 15:02:52
2013-07-12 14:57:12,0
2013-07-12 15:00:39,0
2013-07-12 15:05:26,0
2013-07-12 15:09:16,0
2013-07-12 15:10:02,0
0,2013-07-12 15:17:43
2013-07-12 15:32:16,0
2013-07-12 15:32:35,0
0,2013-07-12 15:59:58
0,2013-07-12 15:55:56
2013-07-12 15:52:51,0
2013-07-12 16:00:03,0
0,2013-07-12 16:53:15
2013-07-12 16:59:59,0
0,2013-07-12 17:26:00
0,2013-07-12 17:44:11
2013-07-12 17:41:11,0
2013-07-12 17:47:29,0
0,2013-07-12 19:00:46
2013-07-12 21:11:49,0
2013-07-12 22:39:01,0
0,2013-07-15 07:05:49
0,2013-07-15 00:23:37
0,2013-07-15 00:23:38
0,2013-07-15 06:54:30
0,2013-07-15 07:09:30
2013-07-15 07:21:07,0
0,2013-07-15 07:48:49
0,2013-07-15 08:05:20
2013-07-15 07:47:10,0
0,2013-07-15 08:05:34
0,2013-07-15 08:25:27
0,2013-07-15 08:15:05
0,2013-07-15 08:14:50
0,2013-07-15 08:31:09
0,2013-07-15 08:48:04
0,2013-07-15 08:40:42
2013-07-15 08:28:31,0
0,2013-07-15 08:43:48
2013-07-15 08:35:33,0
0,2013-07-15 09:17:48
0,2013-07-15 08:55:49
0,2013-07-15 09:05:04
0,2013-07-15 08:58:01
0,2013-07-15 09:38:05
0,2013-07-15 09:09:57
0,2013-07-15 09:16:40
0,2013-07-15 09:14:37
0,2013-07-15 09:37:48
0,2013-07-15 09:42:26
0,2013-07-15 09:39:24
0,2013-07-15 09:43:58
0,2013-07-15 09:44:06
0,2013-07-15 09:55:19
2013-07-15 09:38:40,0
0,2013-07-15 09:56:46
2013-07-15 09:42:35,0
2013-07-15 09:44:10,0
2013-07-15 09:44:39,0
0,2013-07-15 09:55:41
0,2013-07-15 09:52:41
0,2013-07-15 10:02:54
0,2013-07-15 10:10:39
0,2013-07-15 10:05:32
2013-07-15 10:01:35,0
0,2013-07-15 10:35:56
0,2013-07-15 10:20:43
0,2013-07-15 10:29:50
2013-07-15 10:32:29,0
2013-07-15 10:35:58,0
0,2013-07-15 10:46:33
0,2013-07-15 10:42:21
0,2013-07-15 10:54:03
0,2013-07-15 10:54:54
2013-07-15 10:54:07,0
0,2013-07-15 11:20:27
2013-07-15 11:35:03,0
2013-07-15 11:46:10,0
2013-07-15 11:47:49,0
2013-07-15 11:59:38,0
2013-07-15 12:06:53,0
2013-07-15 12:13:55,0
0,2013-07-15 12:39:03
0,2013-07-15 12:37:56
0,2013-07-15 12:51:27
2013-07-15 12:48:34,0
2013-07-15 12:50:31,0
0,2013-07-15 13:00:06
0,2013-07-15 13:19:19
0,2013-07-15 14:32:20
2013-07-15 14:17:10,0
0,2013-07-15 14:57:57
2013-07-15 14:47:12,0
2013-07-15 14:47:50,0
0,2013-07-15 15:18:18
0,2013-07-15 15:16:37
2013-07-15 15:07:15,0
2013-07-15 15:20:29,0
0,2013-07-15 15:35:19
2013-07-15 15:27:20,0
0,2013-07-15 15:43:48
2013-07-15 15:34:41,0
0,2013-07-15 16:22:37
0,2013-07-15 16:13:31
2013-07-15 16:14:34,0
2013-07-15 16:14:36,0
2013-07-15 16:25:21,0
2013-07-15 16:28:38,0
0,2013-07-15 16:45:52
2013-07-15 16:45:06,0
2013-07-15 16:46:19,0
2013-07-15 16:46:56,0
0,2013-07-15 16:53:55
2013-07-15 16:54:16,0
0,2013-07-15 17:13:24
2013-07-15 17:10:35,0
2013-07-15 17:10:37,0
0,2013-07-15 17:22:15
2013-07-15 17:11:40,0
2013-07-15 17:12:57,0
2013-07-15 17:13:45,0
2013-07-15 17:13:49,0
0,2013-07-15 17:18:04
0,2013-07-15 17:44:11
2013-07-15 17:27:26,0
2013-07-15 17:34:09,0
0,2013-07-15 17:48:42
2013-07-15 17:43:12,0
0,2013-07-15 17:50:20
2013-07-15 17:45:29,0
0,2013-07-15 18:14:38
2013-07-15 17:57:07,0
2013-07-15 18:00:53,0
2013-07-15 18:05:40,0
2013-07-15 18:09:06,0
2013-07-15 18:09:06,0
2013-07-15 18:11:27,0
2013-07-15 18:13:24,0
2013-07-15 18:16:29,0
0,2013-07-15 18:39:25
2013-07-15 18:25:11,0
2013-07-15 18:26:30,0
2013-07-15 18:31:35,0
0,2013-07-15 18:54:03
0,2013-07-15 18:55:11
2013-07-15 18:40:01,0
2013-07-15 18:48:32,0
2013-07-15 18:50:51,0
0,2013-07-15 19:05:30
0,2013-07-15 18:55:36
2013-07-15 18:53:28,0
2013-07-15 18:55:07,0
0,2013-07-15 19:12:17
0,2013-07-15 19:20:23
2013-07-15 19:05:01,0
2013-07-15 19:08:45,0
0,2013-07-15 19:19:38
0,2013-07-15 19:20:50
2013-07-15 19:13:52,0
2013-07-15 19:14:06,0
2013-07-15 19:14:49,0
2013-07-15 19:19:11,0
2013-07-15 19:19:26,0
2013-07-15 19:20:34,0
2013-07-15 19:24:25,0
2013-07-15 19:25:40,0
2013-07-15 19:32:51,0
0,2013-07-15 19:48:21
2013-07-15 19:48:27,0
0,2013-07-15 19:53:51
0,2013-07-15 20:04:34
2013-07-15 19:54:12,0
2013-07-15 20:04:54,0
0,2013-07-15 20:29:24
0,2013-07-15 20:37:20
2013-07-15 20:30:18,0
0,2013-07-15 20:46:34
2013-07-15 20:54:19,0
2013-07-15 21:22:09,0
0,2013-07-15 22:20:48
2013-07-15 22:43:36,0
0,2013-07-16 00:22:30
2013-07-16 05:46:39,0
2013-07-16 06:28:05,0
0,2013-07-16 06:51:51
2013-07-16 06:50:00,0
2013-07-16 06:55:10,0
0,2013-07-16 07:31:16
0,2013-07-16 07:43:19
0,2013-07-16 07:46:23
2013-07-16 07:23:48,0
2013-07-16 07:24:33,0
0,2013-07-16 07:48:08
0,2013-07-16 07:49:53
0,2013-07-16 07:54:26
2013-07-16 07:53:58,0
2013-07-16 07:55:13,0
0,2013-07-16 08:04:22
0,2013-07-16 08:22:49
0,2013-07-16 08:17:44
0,2013-07-16 08:21:13
0,2013-07-16 08:20:56
2013-07-16 08:14:08,0
0,2013-07-16 08:32:30
2013-07-16 08:22:54,0
0,2013-07-16 08:38:49
2013-07-16 08:27:22,0
2013-07-16 08:27:31,0
0,2013-07-16 08:41:03
2013-07-16 08:33:34,0
2013-07-16 08:34:50,0
0,2013-07-16 08:46:28
0,2013-07-16 09:02:25
0,2013-07-16 08:45:12
0,2013-07-16 08:54:47
0,2013-07-16 09:02:26
0,2013-07-16 09:06:30
0,2013-07-16 09:11:51
0,2013-07-16 09:01:28
0,2013-07-16 09:05:33
0,2013-07-16 09:04:59
0,2013-07-16 09:07:05
0,2013-07-16 09:01:45
0,2013-07-16 09:22:47
2013-07-16 09:02:04,0
2013-07-16 09:03:27,0
0,2013-07-16 09:17:27
0,2013-07-16 09:14:03
2013-07-16 09:12:16,0
2013-07-16 09:13:38,0
2013-07-16 09:16:17,0
2013-07-16 09:18:35,0
0,2013-07-16 09:44:16
2013-07-16 09:30:35,0
0,2013-07-16 09:45:34
2013-07-16 09:44:40,0
0,2013-07-16 09:52:53
0,2013-07-16 09:57:59
0,2013-07-16 10:06:58
0,2013-07-16 10:23:16
2013-07-16 10:01:24,0
2013-07-16 10:13:43,0
0,2013-07-16 10:59:47
0,2013-07-16 10:45:00
2013-07-16 10:36:15,0
2013-07-16 10:41:24,0
2013-07-16 10:51:11,0
2013-07-16 10:51:35,0
2013-07-16 10:59:24,0
2013-07-16 11:02:27,0
0,2013-07-16 11:26:20
2013-07-16 11:04:34,0
0,2013-07-16 11:05:55
0,2013-07-16 11:34:38
2013-07-16 11:14:22,0
0,2013-07-16 11:51:11
2013-07-16 11:58:51,0
0,2013-07-16 12:16:35
0,2013-07-16 12:35:50
0,2013-07-16 12:18:45
0,2013-07-16 12:41:36
0,2013-07-16 12:43:14
2013-07-16 12:41:56,0
0,2013-07-16 12:43:03
0,2013-07-16 12:53:48
0,2013-07-16 13:10:16
0,2013-07-16 13:44:11
2013-07-16 13:47:21,0
2013-07-16 13:54:15,0
0,2013-07-16 14:09:10
0,2013-07-16 14:20:34
0,2013-07-16 14:33:13
0,2013-07-16 14:33:11
2013-07-16 14:26:39,0
2013-07-16 15:22:14,0
0,2013-07-16 16:21:24
2013-07-16 16:20:34,0
2013-07-16 16:32:52,0
0,2013-07-16 16:41:10
2013-07-16 16:40:39,0
2013-07-16 16:44:01,0
2013-07-16 16:49:05,0
2013-07-16 16:56:41,0
2013-07-16 16:59:40,0
2013-07-16 17:04:22,0
2013-07-16 17:17:50,0
2013-07-16 17:27:36,0
2013-07-16 17:28:17,0
2013-07-16 17:33:32,0
0,2013-07-16 17:52:50
2013-07-16 17:34:30,0
2013-07-16 17:35:48,0
2013-07-16 17:38:20,0
2013-07-16 17:38:23,0
2013-07-16 17:43:24,0
0,2013-07-16 17:51:59
0,2013-07-16 17:54:06
2013-07-16 17:52:12,0
2013-07-16 17:53:45,0
0,2013-07-16 18:15:40
0,2013-07-16 18:09:14
2013-07-16 18:05:32,0
2013-07-16 18:06:01,0
2013-07-16 18:10:49,0
2013-07-16 18:15:31,0
2013-07-16 18:16:30,0
2013-07-16 18:20:54,0
0,2013-07-16 18:25:50
2013-07-16 18:27:47,0
2013-07-16 18:30:20,0
2013-07-16 18:32:59,0
2013-07-16 18:38:09,0
2013-07-16 18:39:41,0
2013-07-16 18:47:37,0
2013-07-16 18:56:52,0
0,2013-07-16 19:41:37
0,2013-07-16 20:10:16
2013-07-16 19:44:09,0
0,2013-07-16 20:47:56
0,2013-07-16 21:27:05
2013-07-16 21:35:47,0
0,2013-07-16 21:46:02
2013-07-16 22:01:22,0
0,2013-07-16 22:44:50
0,2013-07-17 00:32:05
0,2013-07-17 00:36:55
0,2013-07-17 00:36:41
0,2013-07-17 00:31:59
2013-07-17 00:26:59,0
0,2013-07-17 02:44:17
2013-07-17 02:46:11,0
0,2013-07-17 02:47:37
2013-07-17 05:47:08,0
0,2013-07-17 06:50:44
2013-07-17 06:29:45,0
0,2013-07-17 06:44:11
0,2013-07-17 07:02:20
2013-07-17 06:58:17,0
0,2013-07-17 07:28:16
0,2013-07-17 07:34:31
2013-07-17 07:28:08,0
0,2013-07-17 07:49:36
2013-07-17 07:36:17,0
0,2013-07-17 08:12:36
0,2013-07-17 08:03:27
0,2013-07-17 08:05:48
2013-07-17 07:42:52,0
2013-07-17 07:45:47,0
2013-07-17 07:45:47,0
0,2013-07-17 08:05:08
0,2013-07-17 08:05:04
0,2013-07-17 08:05:19
2013-07-17 07:56:02,0
2013-07-17 07:58:40,0
0,2013-07-17 08:23:45
0,2013-07-17 08:28:54
2013-07-17 08:10:35,0
0,2013-07-17 08:30:18
0,2013-07-17 08:20:08
0,2013-07-17 08:31:55
0,2013-07-17 08:34:58
0,2013-07-17 08:39:52
2013-07-17 08:31:34,0
0,2013-07-17 08:44:57
0,2013-07-17 09:01:47
0,2013-07-17 08:46:41
0,2013-07-17 09:03:34
0,2013-07-17 09:05:20
2013-07-17 08:53:14,0
0,2013-07-17 09:04:34
0,2013-07-17 09:05:44
2013-07-17 08:58:47,0
0,2013-07-17 09:11:50
0,2013-07-17 09:09:58
0,2013-07-17 09:21:42
0,2013-07-17 09:31:57
0,2013-07-17 09:25:05
2013-07-17 09:17:27,0
0,2013-07-17 09:39:17
0,2013-07-17 09:27:26
0,2013-07-17 09:41:52
0,2013-07-17 09:40:31
2013-07-17 09:31:36,0
2013-07-17 09:47:34,0
0,2013-07-17 09:58:54
0,2013-07-17 10:29:26
2013-07-17 10:18:14,0
0,2013-07-17 10:27:04
2013-07-17 10:24:32,0
2013-07-17 10:24:59,0
0,2013-07-17 10:31:57
0,2013-07-17 11:16:55
2013-07-17 10:51:21,0
2013-07-17 10:54:59,0
2013-07-17 10:55:42,0
0,2013-07-17 11:45:34
2013-07-17 11:45:39,0
2013-07-17 11:51:17,0
2013-07-17 12:01:11,0
2013-07-17 12:01:42,0
2013-07-17 12:11:32,0
2013-07-17 12:11:52,0
0,2013-07-17 12:42:19
2013-07-17 12:29:56,0
2013-07-17 12:30:06,0
2013-07-17 12:32:27,0
2013-07-17 12:44:10,0
0,2013-07-17 12:50:07
2013-07-17 13:02:15,0
0,2013-07-17 13:11:22
2013-07-17 13:08:44,0
2013-07-17 13:09:14,0
2013-07-17 13:09:31,0
0,2013-07-17 13:21:27
0,2013-07-17 13:39:15
0,2013-07-17 13:46:19
2013-07-17 13:25:22,0
2013-07-17 13:25:23,0
0,2013-07-17 13:59:07
2013-07-17 13:46:43,0
2013-07-17 13:52:28,0
2013-07-17 14:19:53,0
2013-07-17 14:49:31,0
2013-07-17 14:49:53,0
2013-07-17 14:50:25,0
2013-07-17 14:50:44,0
2013-07-17 14:51:54,0
0,2013-07-17 15:10:56
2013-07-17 15:11:47,0
2013-07-17 15:17:47,0
2013-07-17 15:25:45,0
0,2013-07-17 15:48:11
0,2013-07-17 16:13:35
2013-07-17 16:00:05,0
0,2013-07-17 16:19:54
2013-07-17 16:16:35,0
2013-07-17 16:20:21,0
2013-07-17 16:23:09,0
0,2013-07-17 16:46:49
2013-07-17 16:42:38,0
2013-07-17 16:53:58,0
2013-07-17 16:54:46,0
0,2013-07-17 17:28:07
2013-07-17 17:22:49,0
2013-07-17 17:23:03,0
0,2013-07-17 17:40:05
0,2013-07-17 17:37:22
2013-07-17 17:37:36,0
0,2013-07-17 17:46:12
0,2013-07-17 18:15:59
0,2013-07-17 17:52:33
2013-07-17 17:43:18,0
2013-07-17 17:43:20,0
2013-07-17 17:49:45,0
2013-07-17 17:57:15,0
0,2013-07-17 18:06:30
2013-07-17 18:09:30,0
2013-07-17 18:22:51,0
0,2013-07-17 18:37:08
0,2013-07-17 18:31:13
0,2013-07-17 18:33:14
2013-07-17 18:31:29,0
2013-07-17 18:34:44,0
0,2013-07-17 19:13:04
2013-07-17 18:40:31,0
0,2013-07-17 19:13:15
0,2013-07-17 19:24:54
2013-07-17 19:13:25,0
2013-07-17 19:15:05,0
0,2013-07-17 19:40:52
0,2013-07-17 19:40:31
0,2013-07-17 19:42:21
0,2013-07-17 19:41:44
0,2013-07-17 19:42:49
0,2013-07-17 19:40:51
2013-07-17 19:41:53,0
0,2013-07-17 19:47:48
2013-07-17 19:42:13,0
0,2013-07-17 19:47:54
2013-07-17 19:42:34,0
2013-07-17 19:43:26,0
2013-07-17 19:44:45,0
2013-07-17 19:45:18,0
2013-07-17 19:45:49,0
2013-07-17 19:48:07,0
2013-07-17 20:01:20,0
0,2013-07-17 20:09:12
0,2013-07-17 20:09:12
2013-07-17 20:22:53,0
2013-07-17 20:43:02,0
2013-07-17 21:06:19,0
0,2013-07-17 22:10:09
2013-07-17 22:16:49,0
0,2013-07-17 22:44:12
2013-07-17 22:59:22,0
0,2013-07-17 23:05:46
0,2013-07-17 23:35:06
2013-07-17 23:35:17,0
2013-07-17 23:49:46,0
0,2013-07-18 05:17:38
2013-07-18 05:49:31,0
0,2013-07-18 06:06:45
0,2013-07-18 06:51:52
0,2013-07-18 07:30:20
2013-07-18 07:15:13,0
2013-07-18 07:17:54,0
0,2013-07-18 07:47:59
0,2013-07-18 08:02:43
2013-07-18 07:50:27,0
0,2013-07-18 08:31:22
2013-07-18 08:02:52,0
2013-07-18 08:02:59,0
0,2013-07-18 08:08:15
0,2013-07-18 08:24:29
0,2013-07-18 08:32:56
0,2013-07-18 08:24:28
0,2013-07-18 08:30:00
2013-07-18 08:17:02,0
0,2013-07-18 08:25:38
0,2013-07-18 08:35:54
0,2013-07-18 08:35:40
2013-07-18 08:25:20,0
0,2013-07-18 08:42:53
0,2013-07-18 08:45:27
2013-07-18 08:27:33,0
0,2013-07-18 08:42:54
0,2013-07-18 08:43:45
0,2013-07-18 08:54:01
0,2013-07-18 08:51:48
2013-07-18 08:42:54,0
0,2013-07-18 08:49:48
0,2013-07-18 08:58:00
2013-07-18 08:48:55,0
0,2013-07-18 09:03:42
2013-07-18 08:57:04,0
2013-07-18 08:59:11,0
0,2013-07-18 09:30:19
2013-07-18 09:07:09,0
0,2013-07-18 09:23:32
0,2013-07-18 09:17:10
2013-07-18 09:12:06,0
0,2013-07-18 09:37:29
2013-07-18 09:18:43,0
2013-07-18 09:19:33,0
2013-07-18 09:23:47,0
2013-07-18 09:33:05,0
0,2013-07-18 09:51:38
2013-07-18 09:41:38,0
2013-07-18 09:43:58,0
0,2013-07-18 09:55:46
0,2013-07-18 09:59:43
0,2013-07-18 10:02:07
0,2013-07-18 10:09:59
2013-07-18 10:11:25,0
0,2013-07-18 10:16:51
0,2013-07-18 10:27:13
0,2013-07-18 10:45:47
0,2013-07-18 11:00:33
2013-07-18 10:48:12,0
0,2013-07-18 10:58:09
0,2013-07-18 11:15:21
0,2013-07-18 11:22:47
0,2013-07-18 11:44:02
0,2013-07-18 11:50:30
2013-07-18 11:50:01,0
2013-07-18 11:59:20,0
2013-07-18 12:00:21,0
0,2013-07-18 12:12:48
2013-07-18 12:12:16,0
2013-07-18 12:16:08,0
0,2013-07-18 12:22:48
2013-07-18 12:21:13,0
2013-07-18 12:24:56,0
0,2013-07-18 12:33:17
2013-07-18 12:35:15,0
2013-07-18 12:40:09,0
2013-07-18 12:41:11,0
2013-07-18 12:45:58,0
2013-07-18 12:51:08,0
2013-07-18 12:54:08,0
2013-07-18 12:57:28,0
0,2013-07-18 13:10:59
0,2013-07-18 13:10:28
2013-07-18 13:07:30,0
0,2013-07-18 13:22:16
0,2013-07-18 14:05:08
0,2013-07-18 13:52:13
2013-07-18 13:46:53,0
0,2013-07-18 13:57:30
2013-07-18 13:51:59,0
2013-07-18 13:52:14,0
0,2013-07-18 13:56:29
0,2013-07-18 14:01:50
0,2013-07-18 14:10:41
2013-07-18 13:59:35,0
0,2013-07-18 14:16:39
0,2013-07-18 14:18:32
0,2013-07-18 14:21:25
0,2013-07-18 14:33:04
2013-07-18 14:26:42,0
2013-07-18 14:33:30,0
0,2013-07-18 15:05:05
2013-07-18 14:56:03,0
2013-07-18 15:05:59,0
2013-07-18 15:31:27,0
2013-07-18 15:38:15,0
0,2013-07-18 15:56:23
2013-07-18 16:02:45,0
2013-07-18 16:04:56,0
2013-07-18 16:18:02,0
2013-07-18 16:18:17,0
2013-07-18 16:18:34,0
2013-07-18 16:24:27,0
2013-07-18 16:36:24,0
0,2013-07-18 16:44:04
2013-07-18 16:43:44,0
2013-07-18 16:48:09,0
0,2013-07-18 17:07:45
0,2013-07-18 17:07:09
0,2013-07-18 17:23:57
2013-07-18 17:04:39,0
2013-07-18 17:05:34,0
2013-07-18 17:07:26,0
2013-07-18 17:07:29,0
2013-07-18 17:08:25,0
0,2013-07-18 17:18:03
2013-07-18 17:15:39,0
2013-07-18 17:18:27,0
0,2013-07-18 17:38:55
0,2013-07-18 17:39:59
2013-07-18 17:30:43,0
0,2013-07-18 17:44:48
2013-07-18 17:34:16,0
2013-07-18 17:34:46,0
0,2013-07-18 18:22:32
2013-07-18 17:34:49,0
0,2013-07-18 18:22:44
0,2013-07-18 18:06:44
2013-07-18 17:39:50,0
2013-07-18 17:48:11,0
2013-07-18 18:07:11,0
0,2013-07-18 18:13:09
2013-07-18 18:14:20,0
0,2013-07-18 18:38:34
0,2013-07-18 18:35:56
2013-07-18 18:33:51,0
2013-07-18 18:38:09,0
2013-07-18 18:39:44,0
2013-07-18 18:40:02,0
0,2013-07-18 18:52:22
0,2013-07-18 19:09:55
0,2013-07-18 18:59:54
2013-07-18 18:59:47,0
0,2013-07-18 19:13:22
2013-07-18 19:20:18,0
0,2013-07-18 19:34:30
2013-07-18 19:25:05,0
0,2013-07-18 19:40:20
2013-07-18 19:35:39,0
0,2013-07-18 19:55:15
2013-07-18 19:41:33,0
0,2013-07-18 19:50:35
2013-07-18 19:51:47,0
0,2013-07-18 20:19:42
0,2013-07-18 20:02:34
0,2013-07-18 20:19:41
2013-07-18 19:57:20,0
0,2013-07-18 20:22:25
2013-07-18 20:14:45,0
2013-07-18 20:28:12,0
2013-07-18 20:36:19,0
2013-07-18 20:40:32,0
0,2013-07-18 20:41:40
2013-07-18 21:12:38,0
0,2013-07-18 21:29:46
2013-07-18 21:33:36,0
0,2013-07-18 21:48:09
0,2013-07-18 21:55:55
2013-07-18 21:53:33,0
2013-07-18 21:56:07,0
0,2013-07-18 22:37:08
0,2013-07-18 22:57:54
0,2013-07-18 22:57:41
2013-07-18 22:42:35,0
2013-07-18 22:59:38,0
2013-07-18 23:02:19,0
0,2013-07-19 02:34:49
2013-07-19 02:35:05,0
0,2013-07-19 07:11:55
0,2013-07-19 07:32:05
2013-07-19 07:20:38,0
0,2013-07-19 07:53:48
0,2013-07-19 08:11:07
0,2013-07-19 08:11:09
0,2013-07-19 08:18:13
0,2013-07-19 08:17:02
0,2013-07-19 08:30:47
2013-07-19 08:11:25,0
2013-07-19 08:12:33,0
0,2013-07-19 08:31:26
0,2013-07-19 08:27:58
0,2013-07-19 08:30:02
2013-07-19 08:31:55,0
0,2013-07-19 08:44:51
2013-07-19 08:35:38,0
0,2013-07-19 08:43:50
0,2013-07-19 09:07:17
0,2013-07-19 09:12:21
0,2013-07-19 08:58:57
0,2013-07-19 09:09:26
0,2013-07-19 09:09:26
0,2013-07-19 09:06:26
2013-07-19 09:12:56,0
2013-07-19 09:32:25,0
2013-07-19 09:33:13,0
0,2013-07-19 09:46:02
0,2013-07-19 09:52:40
0,2013-07-19 10:10:48
0,2013-07-19 10:19:54
0,2013-07-19 10:38:58
0,2013-07-19 10:47:10
0,2013-07-19 10:42:48
2013-07-19 10:27:39,0
0,2013-07-19 10:50:13
2013-07-19 10:51:59,0
0,2013-07-19 11:02:11
2013-07-19 11:03:25,0
0,2013-07-19 11:21:11
0,2013-07-19 11:07:06
2013-07-19 11:13:11,0
0,2013-07-19 11:25:22
2013-07-19 11:36:45,0
2013-07-19 11:38:54,0
0,2013-07-19 12:06:27
0,2013-07-19 12:02:27
0,2013-07-19 11:58:02
2013-07-19 12:09:23,0
2013-07-19 12:16:51,0
2013-07-19 12:21:44,0
0,2013-07-19 12:31:12
0,2013-07-19 12:33:28
2013-07-19 12:34:01,0
2013-07-19 12:47:39,0
0,2013-07-19 13:08:48
0,2013-07-19 13:08:36
2013-07-19 12:55:09,0
2013-07-19 12:56:02,0
2013-07-19 12:57:25,0
0,2013-07-19 13:13:48
2013-07-19 13:13:21,0
2013-07-19 13:13:25,0
2013-07-19 13:27:01,0
0,2013-07-19 13:56:34
2013-07-19 13:34:11,0
2013-07-19 13:36:26,0
0,2013-07-19 13:55:25
0,2013-07-19 14:09:54
0,2013-07-19 13:59:51
0,2013-07-19 14:06:30
2013-07-19 13:57:33,0
0,2013-07-19 14:21:03
2013-07-19 14:01:56,0
2013-07-19 14:02:05,0
2013-07-19 14:02:41,0
2013-07-19 14:07:28,0
0,2013-07-19 14:17:05
2013-07-19 14:16:15,0
0,2013-07-19 14:32:09
0,2013-07-19 14:32:12
2013-07-19 14:30:03,0
2013-07-19 14:50:03,0
2013-07-19 14:54:03,0
0,2013-07-19 15:08:41
0,2013-07-19 15:22:56
2013-07-19 15:13:18,0
0,2013-07-19 15:31:15
2013-07-19 15:32:05,0
2013-07-19 15:35:30,0
0,2013-07-19 16:22:44
0,2013-07-19 16:22:32
2013-07-19 15:38:35,0
2013-07-19 15:38:50,0
2013-07-19 15:41:28,0
0,2013-07-19 15:56:14
2013-07-19 16:02:30,0
2013-07-19 16:03:46,0
0,2013-07-19 16:35:38
0,2013-07-19 16:35:31
0,2013-07-19 16:51:40
0,2013-07-19 16:34:34
2013-07-19 16:35:57,0
2013-07-19 16:36:18,0
2013-07-19 16:56:58,0
2013-07-19 16:56:59,0
2013-07-19 16:59:12,0
0,2013-07-19 17:07:46
2013-07-19 17:02:57,0
2013-07-19 17:07:59,0
2013-07-19 17:19:00,0
2013-07-19 17:19:23,0
0,2013-07-19 17:41:12
2013-07-19 17:25:12,0
0,2013-07-19 17:34:46
2013-07-19 17:27:30,0
2013-07-19 17:31:18,0
2013-07-19 17:35:36,0
2013-07-19 17:40:10,0
0,2013-07-19 17:57:01
2013-07-19 17:42:56,0
2013-07-19 17:43:23,0
2013-07-19 17:51:24,0
0,2013-07-19 18:00:12
2013-07-19 18:02:04,0
2013-07-19 18:04:50,0
0,2013-07-19 18:24:07
0,2013-07-19 18:26:36
0,2013-07-19 19:09:52
2013-07-19 18:34:14,0
2013-07-19 18:44:34,0
0,2013-07-19 18:58:58
0,2013-07-19 19:15:49
2013-07-19 19:22:43,0
0,2013-07-19 19:46:14
2013-07-19 19:31:03,0
2013-07-19 19:32:37,0
0,2013-07-19 20:00:11
0,2013-07-19 20:10:15
2013-07-19 20:18:54,0
2013-07-19 20:31:32,0
0,2013-07-19 21:01:13
2013-07-19 22:11:00,0
0,2013-07-19 23:42:05
2013-07-19 23:42:17,0
0,2013-07-22 00:23:48
2013-07-22 00:24:05,0
0,2013-07-22 01:47:47
2013-07-22 05:46:47,0
0,2013-07-22 05:48:44
2013-07-22 05:49:06,0
0,2013-07-22 07:31:17
2013-07-22 07:17:35,0
0,2013-07-22 07:46:36
0,2013-07-22 07:54:10
0,2013-07-22 08:05:24
0,2013-07-22 07:49:32
2013-07-22 07:38:50,0
0,2013-07-22 07:58:07
0,2013-07-22 08:03:00
2013-07-22 07:42:00,0
2013-07-22 07:48:56,0
0,2013-07-22 08:22:18
0,2013-07-22 08:33:55
0,2013-07-22 08:33:59
0,2013-07-22 08:24:24
2013-07-22 08:07:14,0
0,2013-07-22 08:19:15
0,2013-07-22 08:27:20
0,2013-07-22 08:22:26
2013-07-22 08:16:56,0
2013-07-22 08:18:32,0
2013-07-22 08:21:09,0
0,2013-07-22 08:36:13
0,2013-07-22 08:46:43
0,2013-07-22 08:35:46
0,2013-07-22 08:44:37
0,2013-07-22 08:44:57
0,2013-07-22 08:52:09
0,2013-07-22 08:54:33
0,2013-07-22 08:57:27
0,2013-07-22 08:59:58
2013-07-22 08:50:05,0
0,2013-07-22 09:08:56
0,2013-07-22 09:06:49
0,2013-07-22 09:04:18
0,2013-07-22 09:09:33
0,2013-07-22 09:21:11
2013-07-22 09:05:34,0
0,2013-07-22 09:26:57
0,2013-07-22 09:33:11
2013-07-22 09:14:05,0
0,2013-07-22 10:13:00
0,2013-07-22 09:54:27
0,2013-07-22 10:13:08
2013-07-22 10:04:01,0
2013-07-22 10:21:21,0
0,2013-07-22 10:39:18
0,2013-07-22 10:40:11
2013-07-22 10:56:42,0
2013-07-22 10:56:50,0
0,2013-07-22 11:12:21
2013-07-22 11:14:28,0
2013-07-22 11:15:08,0
2013-07-22 11:25:52,0
0,2013-07-22 11:57:21
2013-07-22 11:40:45,0
2013-07-22 11:41:25,0
2013-07-22 11:57:17,0
0,2013-07-22 12:02:58
2013-07-22 12:06:38,0
0,2013-07-22 12:58:51
2013-07-22 12:50:35,0
2013-07-22 12:53:50,0
2013-07-22 12:54:02,0
0,2013-07-22 13:25:38
0,2013-07-22 13:16:27
2013-07-22 13:12:30,0
0,2013-07-22 13:21:13
2013-07-22 13:23:45,0
0,2013-07-22 13:33:12
0,2013-07-22 13:29:28
2013-07-22 13:24:37,0
0,2013-07-22 13:29:57
2013-07-22 13:26:48,0
0,2013-07-22 13:50:58
0,2013-07-22 13:51:39
0,2013-07-22 14:04:14
2013-07-22 13:47:58,0
2013-07-22 13:54:46,0
0,2013-07-22 14:34:30
0,2013-07-22 14:29:35
0,2013-07-22 14:21:04
2013-07-22 14:21:50,0
0,2013-07-22 14:42:49
0,2013-07-22 14:49:25
2013-07-22 14:53:19,0
0,2013-07-22 15:28:33
2013-07-22 15:09:01,0
0,2013-07-22 16:07:13
2013-07-22 16:00:46,0
0,2013-07-22 16:09:41
2013-07-22 16:06:05,0
2013-07-22 16:15:12,0
2013-07-22 16:22:48,0
0,2013-07-22 16:44:33
0,2013-07-22 16:53:16
2013-07-22 16:47:22,0
0,2013-07-22 16:56:58
2013-07-22 16:57:30,0
2013-07-22 17:00:44,0
0,2013-07-22 17:20:06
2013-07-22 17:15:48,0
2013-07-22 17:16:02,0
2013-07-22 17:16:51,0
2013-07-22 17:17:08,0
2013-07-22 17:21:11,0
2013-07-22 17:23:39,0
2013-07-22 17:23:52,0
2013-07-22 17:25:10,0
2013-07-22 17:31:12,0
2013-07-22 17:36:06,0
0,2013-07-22 17:45:41
0,2013-07-22 17:53:34
0,2013-07-22 18:38:07
0,2013-07-22 17:56:58
2013-07-22 18:03:24,0
2013-07-22 18:08:40,0
2013-07-22 18:09:20,0
0,2013-07-22 18:11:21
2013-07-22 18:11:57,0
2013-07-22 18:12:11,0
2013-07-22 18:17:22,0
2013-07-22 18:25:08,0
2013-07-22 18:27:43,0
0,2013-07-22 19:26:26
2013-07-22 18:29:42,0
0,2013-07-22 19:11:47
2013-07-22 18:45:06,0
2013-07-22 18:46:24,0
2013-07-22 18:49:53,0
0,2013-07-22 18:55:00
2013-07-22 18:54:44,0
2013-07-22 18:59:29,0
2013-07-22 19:05:23,0
2013-07-22 19:06:08,0
2013-07-22 19:10:07,0
2013-07-22 19:12:13,0
2013-07-22 19:14:10,0
2013-07-22 19:19:21,0
0,2013-07-22 19:32:58
2013-07-22 19:25:09,0
2013-07-22 19:27:55,0
2013-07-22 19:38:20,0
2013-07-22 19:41:36,0
0,2013-07-22 20:08:23
2013-07-22 20:01:40,0
0,2013-07-22 20:21:54
2013-07-22 20:12:34,0
2013-07-22 20:15:28,0
2013-07-22 20:18:08,0
2013-07-22 20:19:21,0
0,2013-07-22 20:48:13
2013-07-22 20:56:27,0
2013-07-22 22:02:35,0
0,2013-07-22 22:56:18
2013-07-23 05:47:45,0
0,2013-07-23 06:58:09
2013-07-23 07:16:07,0
2013-07-23 07:21:02,0
0,2013-07-23 08:17:33
0,2013-07-23 07:58:15
2013-07-23 07:49:10,0
0,2013-07-23 08:10:38
0,2013-07-23 08:09:05
2013-07-23 08:09:35,0
0,2013-07-23 08:22:40
0,2013-07-23 08:23:11
0,2013-07-23 08:22:51
0,2013-07-23 08:28:01
2013-07-23 08:22:32,0
0,2013-07-23 08:39:21
2013-07-23 08:25:55,0
0,2013-07-23 08:43:27
0,2013-07-23 08:45:21
2013-07-23 08:36:46,0
0,2013-07-23 09:01:42
0,2013-07-23 08:47:14
0,2013-07-23 08:49:22
0,2013-07-23 08:53:01
0,2013-07-23 09:05:14
0,2013-07-23 09:27:03
0,2013-07-23 09:19:29
0,2013-07-23 09:04:29
2013-07-23 08:59:28,0
0,2013-07-23 09:09:26
0,2013-07-23 09:16:21
2013-07-23 09:06:14,0
2013-07-23 09:08:55,0
0,2013-07-23 09:20:04
2013-07-23 09:17:09,0
0,2013-07-23 09:51:45
0,2013-07-23 09:40:15
0,2013-07-23 09:46:39
2013-07-23 09:31:26,0
0,2013-07-23 09:46:34
0,2013-07-23 09:48:45
2013-07-23 09:46:18,0
2013-07-23 09:47:51,0
0,2013-07-23 10:08:27
0,2013-07-23 10:02:59
0,2013-07-23 10:17:47
0,2013-07-23 10:28:40
0,2013-07-23 10:30:14
2013-07-23 10:30:30,0
2013-07-23 10:32:55,0
0,2013-07-23 10:54:34
2013-07-23 10:47:51,0
0,2013-07-23 11:11:39
0,2013-07-23 11:38:27
0,2013-07-23 11:38:56
2013-07-23 11:19:10,0
0,2013-07-23 12:09:15
2013-07-23 11:39:14,0
2013-07-23 11:44:31,0
2013-07-23 12:09:26,0
2013-07-23 12:09:52,0
2013-07-23 12:10:05,0
2013-07-23 12:13:58,0
0,2013-07-23 12:30:43
0,2013-07-23 12:45:32
2013-07-23 12:30:23,0
2013-07-23 12:38:40,0
2013-07-23 12:39:38,0
2013-07-23 12:42:41,0
0,2013-07-23 12:55:04
2013-07-23 12:52:32,0
0,2013-07-23 13:03:43
2013-07-23 13:00:55,0
2013-07-23 13:01:19,0
0,2013-07-23 13:13:22
0,2013-07-23 13:22:40
2013-07-23 13:13:48,0
2013-07-23 13:22:46,0
0,2013-07-23 13:30:20
0,2013-07-23 13:45:27
0,2013-07-23 14:03:21
0,2013-07-23 13:46:52
2013-07-23 13:44:19,0
2013-07-23 13:52:05,0
0,2013-07-23 14:02:58
2013-07-23 13:58:04,0
0,2013-07-23 14:11:19
2013-07-23 14:04:59,0
0,2013-07-23 14:19:46
2013-07-23 14:07:40,0
2013-07-23 14:12:57,0
0,2013-07-23 14:25:19
0,2013-07-23 14:22:20
0,2013-07-23 14:53:08
2013-07-23 14:28:27,0
0,2013-07-23 14:37:03
0,2013-07-23 14:58:43
2013-07-23 14:47:57,0
2013-07-23 15:06:33,0
2013-07-23 15:06:58,0
0,2013-07-23 15:39:34
0,2013-07-23 15:39:33
0,2013-07-23 15:12:16
2013-07-23 15:09:23,0
2013-07-23 15:09:43,0
0,2013-07-23 15:17:24
2013-07-23 15:11:02,0
2013-07-23 15:14:52,0
0,2013-07-23 15:36:45
2013-07-23 15:34:54,0
2013-07-23 15:40:39,0
2013-07-23 15:40:47,0
2013-07-23 15:42:33,0
0,2013-07-23 16:11:02
0,2013-07-23 16:10:49
2013-07-23 16:12:26,0
2013-07-23 16:36:28,0
2013-07-23 16:37:28,0
2013-07-23 16:39:30,0
2013-07-23 16:39:33,0
2013-07-23 16:39:43,0
2013-07-23 16:40:06,0
0,2013-07-23 16:44:14
2013-07-23 16:43:45,0
2013-07-23 16:44:03,0
2013-07-23 16:46:13,0
0,2013-07-23 17:12:43
2013-07-23 16:57:21,0
2013-07-23 17:02:07,0
2013-07-23 17:09:01,0
2013-07-23 17:18:42,0
0,2013-07-23 17:46:01
0,2013-07-23 17:42:47
0,2013-07-23 17:49:40
0,2013-07-23 17:54:42
2013-07-23 17:44:45,0
2013-07-23 17:50:36,0
2013-07-23 17:51:01,0
2013-07-23 18:01:24,0
0,2013-07-23 18:41:57
0,2013-07-23 18:39:13
0,2013-07-23 18:38:32
0,2013-07-23 18:41:58
0,2013-07-23 18:45:36
2013-07-23 18:38:59,0
0,2013-07-23 18:44:32
2013-07-23 18:45:26,0
0,2013-07-23 18:51:56
0,2013-07-23 18:56:57
2013-07-23 18:52:11,0
2013-07-23 18:55:08,0
2013-07-23 18:59:05,0
2013-07-23 19:02:22,0
2013-07-23 19:02:42,0
2013-07-23 19:06:35,0
0,2013-07-23 19:47:38
0,2013-07-23 19:31:04
0,2013-07-23 19:34:51
0,2013-07-23 19:38:21
2013-07-23 19:34:04,0
2013-07-23 19:52:55,0
2013-07-23 19:55:06,0
0,2013-07-23 20:02:45
0,2013-07-23 20:21:51
2013-07-23 20:10:29,0
2013-07-23 20:10:31,0
0,2013-07-23 20:32:46
2013-07-23 20:24:03,0
0,2013-07-23 20:34:07
2013-07-23 20:51:42,0
2013-07-23 20:52:50,0
0,2013-07-23 21:11:19
0,2013-07-23 21:15:37
2013-07-23 21:12:15,0
2013-07-23 21:37:49,0
0,2013-07-23 22:09:48
2013-07-23 22:06:57,0
0,2013-07-23 22:38:44
0,2013-07-23 22:54:04
2013-07-23 22:44:53,0
2013-07-23 22:46:45,0
0,2013-07-23 23:30:12
2013-07-24 01:44:37,0
0,2013-07-24 04:30:41
2013-07-24 05:48:53,0
0,2013-07-24 07:32:53
0,2013-07-24 07:35:53
2013-07-24 07:25:20,0
2013-07-24 07:31:54,0
2013-07-24 07:37:32,0
0,2013-07-24 08:04:58
0,2013-07-24 07:56:33
0,2013-07-24 08:15:31
0,2013-07-24 08:26:13
0,2013-07-24 08:16:49
0,2013-07-24 08:16:47
2013-07-24 08:07:10,0
0,2013-07-24 08:19:49
0,2013-07-24 08:36:19
2013-07-24 08:13:57,0
2013-07-24 08:15:56,0
0,2013-07-24 08:25:00
0,2013-07-24 08:54:33
0,2013-07-24 08:28:45
2013-07-24 08:32:12,0
0,2013-07-24 08:53:02
0,2013-07-24 09:03:28
0,2013-07-24 09:04:01
2013-07-24 08:53:24,0
0,2013-07-24 09:14:59
0,2013-07-24 09:09:57
0,2013-07-24 09:16:53
0,2013-07-24 09:16:52
2013-07-24 09:12:06,0
2013-07-24 09:12:23,0
2013-07-24 09:13:16,0
2013-07-24 09:15:10,0
0,2013-07-24 09:32:26
0,2013-07-24 09:29:48
2013-07-24 09:20:49,0
0,2013-07-24 09:30:11
0,2013-07-24 09:50:43
0,2013-07-24 10:04:12
2013-07-24 09:52:56,0
0,2013-07-24 10:01:37
0,2013-07-24 10:12:54
2013-07-24 10:14:14,0
0,2013-07-24 10:31:34
2013-07-24 10:23:36,0
0,2013-07-24 10:35:59
0,2013-07-24 10:57:09
2013-07-24 10:52:05,0
0,2013-07-24 11:00:04
0,2013-07-24 11:40:10
0,2013-07-24 11:40:11
2013-07-24 11:14:21,0
2013-07-24 11:19:53,0
2013-07-24 11:32:54,0
0,2013-07-24 13:05:38
0,2013-07-24 11:54:14
2013-07-24 11:54:11,0
2013-07-24 12:04:25,0
2013-07-24 12:07:02,0
2013-07-24 12:07:32,0
0,2013-07-24 12:18:45
2013-07-24 12:20:38,0
2013-07-24 12:23:11,0
2013-07-24 12:34:13,0
2013-07-24 12:34:48,0
2013-07-24 13:02:55,0
0,2013-07-24 13:17:17
2013-07-24 13:08:31,0
2013-07-24 13:15:47,0
0,2013-07-24 13:51:06
2013-07-24 13:20:29,0
2013-07-24 13:21:17,0
0,2013-07-24 13:31:04
2013-07-24 13:26:40,0
0,2013-07-24 13:47:18
0,2013-07-24 13:40:25
2013-07-24 13:32:42,0
0,2013-07-24 13:50:39
2013-07-24 13:52:01,0
0,2013-07-24 14:12:15
2013-07-24 13:56:41,0
0,2013-07-24 14:11:34
2013-07-24 14:03:26,0
0,2013-07-24 14:19:52
2013-07-24 14:19:00,0
2013-07-24 14:37:30,0
0,2013-07-24 14:54:01
0,2013-07-24 14:59:26
0,2013-07-24 15:19:56
0,2013-07-24 15:15:31
0,2013-07-24 15:28:17
0,2013-07-24 15:24:13
0,2013-07-24 15:42:07
2013-07-24 15:37:30,0
0,2013-07-24 15:55:31
2013-07-24 15:42:09,0
2013-07-24 15:51:33,0
0,2013-07-24 16:02:33
2013-07-24 16:01:28,0
2013-07-24 16:12:31,0
0,2013-07-24 16:26:27
2013-07-24 16:17:49,0
2013-07-24 16:19:16,0
0,2013-07-24 16:48:21
2013-07-24 16:49:00,0
2013-07-24 16:58:25,0
2013-07-24 16:59:58,0
2013-07-24 17:03:05,0
2013-07-24 17:05:04,0
2013-07-24 17:07:00,0
2013-07-24 17:09:12,0
2013-07-24 17:09:20,0
2013-07-24 17:09:27,0
0,2013-07-24 17:33:22
2013-07-24 17:10:46,0
0,2013-07-24 17:35:09
2013-07-24 17:11:48,0
2013-07-24 17:12:11,0
2013-07-24 17:12:13,0
0,2013-07-24 17:29:09
2013-07-24 17:15:43,0
2013-07-24 17:17:53,0
2013-07-24 17:20:38,0
2013-07-24 17:23:49,0
2013-07-24 17:28:14,0
0,2013-07-24 17:32:22
2013-07-24 17:30:50,0
2013-07-24 17:35:10,0
0,2013-07-24 17:47:20
2013-07-24 17:40:16,0
2013-07-24 17:47:56,0
0,2013-07-24 18:30:50
0,2013-07-24 18:44:21
0,2013-07-24 18:38:49
2013-07-24 18:39:03,0
2013-07-24 18:40:42,0
0,2013-07-24 18:48:10
2013-07-24 18:45:50,0
0,2013-07-24 19:00:25
2013-07-24 18:49:16,0
0,2013-07-24 19:16:23
0,2013-07-24 18:57:45
0,2013-07-24 19:27:46
2013-07-24 19:00:14,0
2013-07-24 19:05:37,0
0,2013-07-24 19:30:36
2013-07-24 19:18:56,0
2013-07-24 19:29:16,0
0,2013-07-24 19:34:33
2013-07-24 19:35:37,0
2013-07-24 19:35:43,0
2013-07-24 19:45:10,0
0,2013-07-24 21:00:05
0,2013-07-24 20:56:54
0,2013-07-24 21:26:50
2013-07-24 21:00:18,0
2013-07-24 21:04:42,0
0,2013-07-24 21:14:55
2013-07-24 21:33:27,0
2013-07-24 21:59:06,0
0,2013-07-25 09:04:45
0,2013-07-24 22:46:44
0,2013-07-24 22:41:58
0,2013-07-24 23:23:07
2013-07-24 23:36:59,0
0,2013-07-24 23:43:10
2013-07-25 00:54:17,0
2013-07-25 01:20:09,0
0,2013-07-25 06:49:49
0,2013-07-25 07:24:57
2013-07-25 07:09:17,0
0,2013-07-25 07:36:15
2013-07-25 07:26:51,0
0,2013-07-25 07:53:46
0,2013-07-25 08:01:27
0,2013-07-25 08:13:31
2013-07-25 07:43:16,0
0,2013-07-25 07:59:30
2013-07-25 08:09:55,0
0,2013-07-25 08:27:16
0,2013-07-25 08:23:55
0,2013-07-25 08:34:30
0,2013-07-25 08:21:03
2013-07-25 08:21:18,0
2013-07-25 08:22:05,0
0,2013-07-25 08:43:09
0,2013-07-25 09:02:35
0,2013-07-25 08:42:31
0,2013-07-25 09:09:37
0,2013-07-25 08:40:15
2013-07-25 08:44:36,0
0,2013-07-25 08:56:09
0,2013-07-25 08:59:09
0,2013-07-25 08:58:16
0,2013-07-25 09:01:06
2013-07-25 08:47:35,0
0,2013-07-25 09:01:05
0,2013-07-25 09:00:18
0,2013-07-25 08:55:30
0,2013-07-25 09:13:38
2013-07-25 08:54:49,0
0,2013-07-25 09:15:23
2013-07-25 09:00:24,0
0,2013-07-25 09:16:19
2013-07-25 09:08:24,0
0,2013-07-25 09:31:04
0,2013-07-25 09:22:57
2013-07-25 09:17:30,0
2013-07-25 09:29:02,0
0,2013-07-25 09:52:43
0,2013-07-25 09:40:24
2013-07-25 09:32:17,0
0,2013-07-25 09:43:01
2013-07-25 09:49:07,0
0,2013-07-25 10:04:52
0,2013-07-25 10:05:25
2013-07-25 10:08:54,0
0,2013-07-25 10:31:22
0,2013-07-25 10:31:34
2013-07-25 10:13:38,0
0,2013-07-25 10:18:08
2013-07-25 10:15:22,0
0,2013-07-25 10:25:13
0,2013-07-25 10:40:05
2013-07-25 10:34:40,0
2013-07-25 10:35:03,0
0,2013-07-25 10:49:38
2013-07-25 10:46:49,0
0,2013-07-25 11:04:54
2013-07-25 11:22:11,0
2013-07-25 11:35:29,0
2013-07-25 11:49:03,0
2013-07-25 11:52:31,0
0,2013-07-25 12:24:05
0,2013-07-25 12:00:12
2013-07-25 11:56:08,0
2013-07-25 12:06:38,0
2013-07-25 12:13:54,0
2013-07-25 12:17:42,0
2013-07-25 12:20:39,0
0,2013-07-25 12:35:18
2013-07-25 12:34:47,0
2013-07-25 12:35:03,0
2013-07-25 12:46:29,0
2013-07-25 12:54:07,0
0,2013-07-25 13:07:41
0,2013-07-25 13:11:55
2013-07-25 13:07:33,0
2013-07-25 13:08:39,0
2013-07-25 13:09:42,0
2013-07-25 13:17:33,0
2013-07-25 13:29:21,0
2013-07-25 13:29:45,0
0,2013-07-25 13:50:59
0,2013-07-25 13:34:50
0,2013-07-25 13:40:26
0,2013-07-25 13:46:38
0,2013-07-25 13:55:18
0,2013-07-25 14:09:46
0,2013-07-25 14:13:30
0,2013-07-25 14:35:32
2013-07-25 14:15:35,0
0,2013-07-25 14:21:02
0,2013-07-25 14:28:44
2013-07-25 14:27:06,0
0,2013-07-25 14:34:01
2013-07-25 14:29:55,0
0,2013-07-25 14:32:36
2013-07-25 14:31:22,0
2013-07-25 14:36:05,0
2013-07-25 14:39:20,0
2013-07-25 14:46:23,0
2013-07-25 14:53:47,0
2013-07-25 14:58:40,0
0,2013-07-25 15:30:44
0,2013-07-25 15:30:54
0,2013-07-25 15:28:12
0,2013-07-25 15:24:01
2013-07-25 15:23:33,0
0,2013-07-25 15:46:59
0,2013-07-25 15:31:35
0,2013-07-25 15:41:07
2013-07-25 15:34:42,0
2013-07-25 15:34:55,0
2013-07-25 15:37:03,0
0,2013-07-25 15:46:22
2013-07-25 15:45:48,0
2013-07-25 15:54:55,0
2013-07-25 15:59:39,0
2013-07-25 16:02:03,0
0,2013-07-25 16:14:51
2013-07-25 16:13:48,0
2013-07-25 16:19:25,0
2013-07-25 16:23:41,0
0,2013-07-25 16:34:39
0,2013-07-25 16:43:45
2013-07-25 16:38:24,0
0,2013-07-25 16:43:06
2013-07-25 16:46:45,0
2013-07-25 16:53:00,0
0,2013-07-25 17:20:18
2013-07-25 16:59:24,0
2013-07-25 16:59:29,0
0,2013-07-25 17:19:20
2013-07-25 17:05:37,0
2013-07-25 17:08:44,0
2013-07-25 17:10:02,0
2013-07-25 17:11:12,0
2013-07-25 17:13:29,0
2013-07-25 17:25:03,0
2013-07-25 17:33:40,0
2013-07-25 17:41:46,0
0,2013-07-25 18:29:17
0,2013-07-25 19:05:49
2013-07-25 18:47:09,0
2013-07-25 19:06:17,0
0,2013-07-25 20:03:08
0,2013-07-25 20:17:51
0,2013-07-25 20:45:46
2013-07-25 20:20:22,0
0,2013-07-25 20:25:19
2013-07-25 21:06:05,0
2013-07-25 21:20:59,0
0,2013-07-25 21:28:58
2013-07-25 21:27:02,0
2013-07-25 21:51:22,0
0,2013-07-25 23:22:04
2013-07-25 23:50:07,0
0,2013-07-26 00:44:02
2013-07-26 01:54:31,0
0,2013-07-26 03:44:01
2013-07-26 05:46:32,0
2013-07-26 05:48:27,0
0,2013-07-26 07:16:16
0,2013-07-26 07:28:47
0,2013-07-26 07:55:09
0,2013-07-26 07:48:25
0,2013-07-26 07:58:12
2013-07-26 07:48:17,0
0,2013-07-26 08:17:19
0,2013-07-26 08:31:43
2013-07-26 08:10:42,0
0,2013-07-26 08:40:28
0,2013-07-26 08:20:36
0,2013-07-26 08:23:58
2013-07-26 08:21:33,0
0,2013-07-26 08:49:28
0,2013-07-26 08:39:04
0,2013-07-26 08:49:46
0,2013-07-26 08:50:32
0,2013-07-26 08:53:51
2013-07-26 08:51:07,0
0,2013-07-26 09:18:47
0,2013-07-26 09:06:26
0,2013-07-26 09:12:21
0,2013-07-26 09:21:28
0,2013-07-26 09:30:36
2013-07-26 09:09:12,0
2013-07-26 09:10:26,0
2013-07-26 09:10:32,0
2013-07-26 09:12:16,0
0,2013-07-26 09:27:19
0,2013-07-26 09:31:30
2013-07-26 09:33:32,0
0,2013-07-26 09:40:41
0,2013-07-26 09:52:40
0,2013-07-26 09:49:12
2013-07-26 09:49:16,0
0,2013-07-26 09:56:34
0,2013-07-26 10:01:20
2013-07-26 10:05:07,0
0,2013-07-26 10:31:42
0,2013-07-26 10:34:07
0,2013-07-26 10:35:57
2013-07-26 10:36:25,0
0,2013-07-26 11:01:41
0,2013-07-26 11:01:44
0,2013-07-26 11:10:43
2013-07-26 11:07:05,0
2013-07-26 11:07:23,0
0,2013-07-26 11:18:18
0,2013-07-26 11:29:06
0,2013-07-26 11:35:15
2013-07-26 11:39:45,0
2013-07-26 11:41:50,0
2013-07-26 11:51:30,0
2013-07-26 11:56:47,0
2013-07-26 11:59:18,0
2013-07-26 12:02:16,0
0,2013-07-26 12:33:34
0,2013-07-26 12:22:39
0,2013-07-26 12:30:54
0,2013-07-26 12:30:51
2013-07-26 12:27:23,0
2013-07-26 12:43:00,0
0,2013-07-26 12:54:52
2013-07-26 12:52:29,0
0,2013-07-26 13:44:36
2013-07-26 12:59:36,0
2013-07-26 13:02:44,0
0,2013-07-26 13:28:59
0,2013-07-26 13:23:54
0,2013-07-26 13:36:35
2013-07-26 13:21:50,0
2013-07-26 13:30:59,0
2013-07-26 13:32:31,0
2013-07-26 13:39:20,0
2013-07-26 13:45:03,0
2013-07-26 13:54:14,0
0,2013-07-26 14:07:40
0,2013-07-26 14:19:48
2013-07-26 14:11:03,0
2013-07-26 14:23:51,0
2013-07-26 14:25:36,0
2013-07-26 14:27:48,0
2013-07-26 14:29:41,0
0,2013-07-26 15:14:54
2013-07-26 14:43:14,0
0,2013-07-26 15:01:24
0,2013-07-26 15:10:53
2013-07-26 15:09:09,0
2013-07-26 15:12:05,0
2013-07-26 15:12:07,0
0,2013-07-26 16:06:59
0,2013-07-26 15:44:59
2013-07-26 15:41:46,0
0,2013-07-26 15:48:12
0,2013-07-26 15:55:58
0,2013-07-26 16:07:06
2013-07-26 15:51:29,0
2013-07-26 15:52:25,0
2013-07-26 16:01:09,0
0,2013-07-26 16:16:54
2013-07-26 16:04:23,0
2013-07-26 16:08:25,0
2013-07-26 16:09:00,0
2013-07-26 16:10:36,0
0,2013-07-26 16:24:40
0,2013-07-26 16:24:39
0,2013-07-26 16:38:04
2013-07-26 16:29:54,0
2013-07-26 16:37:44,0
0,2013-07-26 17:05:07
0,2013-07-26 17:06:06
2013-07-26 16:44:46,0
2013-07-26 16:59:36,0
2013-07-26 17:09:05,0
2013-07-26 17:09:24,0
2013-07-26 17:09:25,0
2013-07-26 17:10:48,0
0,2013-07-26 17:24:05
2013-07-26 17:29:40,0
2013-07-26 17:32:59,0
2013-07-26 17:34:09,0
2013-07-26 17:34:27,0
0,2013-07-26 17:47:52
2013-07-26 17:46:22,0
2013-07-26 17:50:35,0
2013-07-26 17:50:53,0
2013-07-26 17:54:44,0
2013-07-26 17:57:19,0
2013-07-26 18:04:53,0
2013-07-26 18:05:24,0
2013-07-26 18:12:13,0
0,2013-07-26 18:17:09
0,2013-07-26 18:16:46
0,2013-07-26 18:43:04
2013-07-26 18:18:46,0
2013-07-26 18:21:41,0
2013-07-26 18:21:44,0
2013-07-26 18:24:37,0
2013-07-26 18:34:40,0
2013-07-26 18:38:43,0
2013-07-26 18:39:33,0
0,2013-07-26 18:52:12
0,2013-07-26 19:17:28
0,2013-07-26 19:21:00
0,2013-07-26 19:17:15
0,2013-07-26 19:20:10
0,2013-07-26 19:26:18
0,2013-07-26 19:26:14
2013-07-26 19:00:48,0
0,2013-07-26 19:32:06
2013-07-26 19:19:24,0
2013-07-26 19:19:30,0
0,2013-07-26 19:39:20
2013-07-26 19:25:40,0
2013-07-26 19:26:29,0
0,2013-07-26 19:50:05
2013-07-26 19:37:05,0
2013-07-26 19:40:35,0
0,2013-07-26 20:21:40
0,2013-07-26 20:16:31
2013-07-26 19:48:57,0
2013-07-26 19:51:30,0
0,2013-07-26 20:07:32
0,2013-07-26 20:16:10
2013-07-26 20:05:45,0
2013-07-26 20:12:54,0
0,2013-07-26 20:27:05
2013-07-26 20:28:05,0
0,2013-07-26 20:54:21
0,2013-07-26 21:23:40
2013-07-26 21:19:05,0
0,2013-07-26 21:38:04
2013-07-26 21:21:02,0
2013-07-26 21:25:03,0
2013-07-26 21:38:45,0
2013-07-26 21:43:11,0
2013-07-26 21:43:21,0
2013-07-26 21:58:08,0
0,2013-07-26 22:50:02
0,2013-07-26 22:50:06
0,2013-07-26 23:13:20
0,2013-07-26 23:40:38
0,2013-07-26 23:40:42
2013-07-26 23:37:11,0
2013-07-26 23:44:58,0
2013-07-26 23:56:14,0
0,2013-07-29 01:53:51
0,2013-07-29 05:45:33
2013-07-29 05:46:41,0
2013-07-29 05:49:35,0
0,2013-07-29 06:42:33
2013-07-29 06:48:39,0
2013-07-29 07:18:15,0
2013-07-29 07:25:31,0
2013-07-29 07:28:27,0
2013-07-29 07:45:13,0
0,2013-07-29 08:02:39
0,2013-07-29 08:21:29
0,2013-07-29 08:18:35
0,2013-07-29 08:18:23
0,2013-07-29 08:22:37
0,2013-07-29 08:39:10
2013-07-29 08:09:02,0
2013-07-29 08:09:35,0
2013-07-29 08:15:32,0
0,2013-07-29 08:33:20
2013-07-29 08:21:22,0
0,2013-07-29 08:31:24
0,2013-07-29 08:38:33
2013-07-29 08:22:19,0
2013-07-29 08:23:27,0
0,2013-07-29 08:42:09
0,2013-07-29 08:45:27
0,2013-07-29 08:40:56
0,2013-07-29 08:43:01
0,2013-07-29 08:49:46
2013-07-29 08:40:48,0
0,2013-07-29 08:57:17
2013-07-29 08:51:56,0
0,2013-07-29 09:08:15
0,2013-07-29 09:09:35
2013-07-29 09:00:30,0
0,2013-07-29 09:14:11
2013-07-29 09:03:51,0
2013-07-29 09:08:49,0
2013-07-29 09:10:18,0
2013-07-29 09:10:47,0
0,2013-07-29 09:48:56
0,2013-07-29 09:44:17
0,2013-07-29 09:48:22
0,2013-07-29 09:45:57
2013-07-29 09:35:41,0
0,2013-07-29 09:50:29
0,2013-07-29 10:02:59
2013-07-29 09:55:08,0
2013-07-29 09:59:04,0
0,2013-07-29 10:25:51
2013-07-29 10:10:11,0
0,2013-07-29 10:55:46
0,2013-07-29 10:55:42
2013-07-29 10:14:31,0
0,2013-07-29 10:31:17
0,2013-07-29 10:57:25
0,2013-07-29 11:11:00
0,2013-07-29 11:12:49
0,2013-07-29 11:03:08
2013-07-29 11:07:00,0
2013-07-29 11:07:01,0
0,2013-07-29 11:25:17
2013-07-29 11:21:18,0
0,2013-07-29 11:37:20
0,2013-07-29 11:46:47
0,2013-07-29 11:56:10
0,2013-07-29 12:14:24
2013-07-29 11:45:52,0
2013-07-29 12:03:28,0
2013-07-29 12:04:50,0
0,2013-07-29 12:23:27
0,2013-07-29 12:27:32
2013-07-29 12:18:02,0
2013-07-29 12:32:39,0
2013-07-29 12:33:36,0
2013-07-29 12:37:09,0
2013-07-29 12:39:43,0
2013-07-29 12:41:36,0
0,2013-07-29 12:54:56
0,2013-07-29 12:51:46
0,2013-07-29 13:19:24
2013-07-29 12:57:34,0
0,2013-07-29 13:07:22
2013-07-29 13:03:50,0
2013-07-29 13:11:41,0
0,2013-07-29 13:28:48
0,2013-07-29 13:44:25
0,2013-07-29 13:46:55
2013-07-29 13:40:33,0
2013-07-29 13:41:33,0
0,2013-07-29 14:05:16
2013-07-29 13:49:32,0
0,2013-07-29 14:23:58
0,2013-07-29 14:38:24
0,2013-07-29 14:50:06
2013-07-29 14:44:52,0
0,2013-07-29 15:11:32
0,2013-07-29 14:59:49
0,2013-07-29 15:01:22
0,2013-07-29 15:13:18
2013-07-29 15:07:29,0
2013-07-29 15:31:47,0
0,2013-07-29 15:33:03
2013-07-29 15:33:31,0
2013-07-29 15:45:49,0
2013-07-29 16:03:56,0
0,2013-07-29 16:22:28
2013-07-29 16:36:33,0
2013-07-29 16:42:48,0
2013-07-29 16:44:13,0
2013-07-29 16:44:43,0
2013-07-29 16:55:03,0
0,2013-07-29 17:04:30
2013-07-29 17:00:11,0
2013-07-29 17:07:36,0
2013-07-29 17:10:03,0
2013-07-29 17:15:20,0
0,2013-07-29 17:44:32
2013-07-29 17:19:09,0
0,2013-07-29 17:25:22
0,2013-07-29 17:25:53
2013-07-29 17:23:37,0
2013-07-29 17:26:56,0
2013-07-29 17:27:24,0
2013-07-29 17:27:37,0
2013-07-29 17:27:44,0
2013-07-29 17:28:34,0
0,2013-07-29 17:52:28
0,2013-07-29 17:48:06
0,2013-07-29 17:55:04
2013-07-29 17:42:22,0
2013-07-29 17:43:07,0
2013-07-29 17:46:18,0
2013-07-29 17:53:53,0
2013-07-29 17:53:54,0
2013-07-29 17:55:17,0
2013-07-29 17:55:31,0
0,2013-07-29 18:12:42
0,2013-07-29 18:16:43
2013-07-29 18:02:31,0
2013-07-29 18:04:33,0
2013-07-29 18:07:29,0
0,2013-07-29 18:29:33
0,2013-07-29 18:28:33
2013-07-29 18:16:54,0
2013-07-29 18:17:03,0
0,2013-07-29 19:13:14
2013-07-29 18:27:37,0
0,2013-07-29 18:48:50
2013-07-29 18:28:19,0
2013-07-29 18:31:26,0
2013-07-29 18:35:35,0
2013-07-29 18:36:51,0
2013-07-29 18:41:17,0
2013-07-29 18:42:37,0
2013-07-29 18:49:06,0
0,2013-07-29 19:26:46
0,2013-07-29 19:32:51
2013-07-29 19:23:58,0
2013-07-29 19:29:38,0
0,2013-07-29 19:39:58
2013-07-29 19:37:17,0
2013-07-29 19:41:28,0
0,2013-07-29 19:53:06
0,2013-07-29 19:54:07
2013-07-29 19:48:26,0
0,2013-07-29 19:49:58
2013-07-29 19:53:49,0
2013-07-29 19:54:22,0
0,2013-07-29 20:18:28
2013-07-29 20:24:53,0
0,2013-07-29 20:53:45
0,2013-07-29 20:50:42
2013-07-29 20:38:50,0
0,2013-07-29 21:16:48
2013-07-29 20:54:46,0
0,2013-07-29 21:11:38
2013-07-29 21:28:38,0
0,2013-07-29 21:59:42
2013-07-29 21:40:54,0
2013-07-29 21:45:55,0
0,2013-07-29 22:24:49
2013-07-29 22:08:26,0
0,2013-07-29 22:43:04
0,2013-07-29 22:59:44
0,2013-07-29 23:00:36
2013-07-29 23:14:48,0
2013-07-29 23:27:16,0
2013-07-30 02:11:08,0
0,2013-07-30 05:27:50
2013-07-30 05:48:27,0
0,2013-07-30 06:23:59
0,2013-07-30 06:32:12
0,2013-07-30 06:59:17
0,2013-07-30 07:27:53
0,2013-07-30 07:32:16
2013-07-30 07:18:22,0
2013-07-30 07:23:12,0
2013-07-30 07:24:33,0
2013-07-30 07:41:21,0
0,2013-07-30 07:57:30
0,2013-07-30 07:58:46
2013-07-30 07:47:11,0
0,2013-07-30 08:20:54
2013-07-30 08:06:23,0
2013-07-30 08:11:14,0
0,2013-07-30 08:36:10
0,2013-07-30 08:20:31
0,2013-07-30 08:47:28
0,2013-07-30 08:24:37
0,2013-07-30 08:44:42
0,2013-07-30 08:39:38
2013-07-30 08:30:17,0
0,2013-07-30 08:43:21
0,2013-07-30 08:44:45
0,2013-07-30 08:46:43
0,2013-07-30 09:03:04
2013-07-30 08:36:12,0
2013-07-30 08:38:05,0
0,2013-07-30 09:07:37
0,2013-07-30 08:57:25
2013-07-30 08:46:43,0
2013-07-30 08:47:30,0
0,2013-07-30 08:53:45
0,2013-07-30 09:15:56
0,2013-07-30 09:19:27
0,2013-07-30 09:05:45
2013-07-30 08:54:11,0
0,2013-07-30 09:05:20
0,2013-07-30 09:08:18
0,2013-07-30 09:21:43
2013-07-30 09:03:55,0
0,2013-07-30 09:13:24
2013-07-30 09:08:42,0
0,2013-07-30 09:31:50
2013-07-30 09:26:45,0
2013-07-30 09:38:04,0
0,2013-07-30 09:53:47
0,2013-07-30 09:50:11
2013-07-30 09:47:24,0
0,2013-07-30 10:00:39
0,2013-07-30 10:28:13
0,2013-07-30 10:28:21
0,2013-07-30 10:02:45
0,2013-07-30 10:12:01
0,2013-07-30 10:21:05
2013-07-30 10:04:21,0
0,2013-07-30 10:17:45
0,2013-07-30 10:19:44
2013-07-30 10:19:34,0
0,2013-07-30 10:31:45
2013-07-30 10:28:21,0
0,2013-07-30 10:46:17
0,2013-07-30 11:13:23
0,2013-07-30 10:52:24
2013-07-30 10:54:06,0
2013-07-30 11:08:42,0
0,2013-07-30 12:31:26
0,2013-07-30 11:59:16
0,2013-07-30 12:27:08
2013-07-30 12:23:58,0
0,2013-07-30 12:32:00
0,2013-07-30 12:32:59
2013-07-30 12:27:45,0
2013-07-30 12:33:00,0
2013-07-30 12:37:12,0
0,2013-07-30 12:48:00
0,2013-07-30 12:57:54
0,2013-07-30 12:52:03
2013-07-30 12:53:45,0
2013-07-30 12:54:03,0
2013-07-30 12:54:27,0
2013-07-30 12:54:37,0
2013-07-30 12:54:37,0
0,2013-07-30 13:16:48
0,2013-07-30 13:28:45
0,2013-07-30 13:28:57
2013-07-30 13:10:35,0
0,2013-07-30 13:28:12
2013-07-30 13:13:07,0
2013-07-30 13:22:04,0
0,2013-07-30 13:36:51
0,2013-07-30 13:36:26
0,2013-07-30 14:09:59
0,2013-07-30 13:42:37
2013-07-30 13:35:59,0
0,2013-07-30 13:55:04
2013-07-30 13:43:00,0
0,2013-07-30 13:55:47
0,2013-07-30 14:04:33
2013-07-30 14:06:49,0
2013-07-30 14:20:33,0
0,2013-07-30 14:49:17
0,2013-07-30 14:40:40
0,2013-07-30 14:48:01
0,2013-07-30 14:44:05
2013-07-30 14:43:03,0
0,2013-07-30 15:07:15
0,2013-07-30 15:34:30
0,2013-07-30 15:29:41
0,2013-07-30 15:27:17
2013-07-30 15:32:43,0
2013-07-30 15:32:58,0
2013-07-30 15:33:49,0
2013-07-30 15:34:10,0
2013-07-30 15:34:35,0
0,2013-07-30 16:16:26
2013-07-30 15:56:37,0
2013-07-30 15:57:07,0
2013-07-30 16:15:47,0
2013-07-30 16:26:26,0
0,2013-07-30 16:52:40
0,2013-07-30 17:02:37
0,2013-07-30 16:47:39
2013-07-30 16:52:45,0
2013-07-30 17:00:28,0
2013-07-30 17:03:37,0
2013-07-30 17:04:31,0
0,2013-07-30 17:20:49
2013-07-30 17:10:47,0
2013-07-30 17:12:26,0
2013-07-30 17:13:53,0
2013-07-30 17:14:31,0
0,2013-07-30 17:30:15
2013-07-30 17:25:34,0
2013-07-30 17:31:42,0
2013-07-30 17:31:57,0
2013-07-30 17:34:59,0
0,2013-07-30 17:39:25
0,2013-07-30 17:48:13
2013-07-30 17:39:23,0
2013-07-30 17:39:34,0
0,2013-07-30 17:46:32
0,2013-07-30 17:58:06
2013-07-30 17:47:15,0
0,2013-07-30 18:06:04
2013-07-30 17:50:03,0
2013-07-30 17:50:50,0
0,2013-07-30 18:21:28
0,2013-07-30 18:19:23
0,2013-07-30 18:19:47
0,2013-07-30 18:18:02
0,2013-07-30 18:25:47
2013-07-30 17:57:12,0
2013-07-30 17:58:05,0
0,2013-07-30 18:21:39
0,2013-07-30 18:17:56
0,2013-07-30 18:15:01
2013-07-30 18:11:16,0
2013-07-30 18:11:46,0
2013-07-30 18:14:00,0
2013-07-30 18:15:05,0
2013-07-30 18:16:28,0
0,2013-07-30 18:40:12
2013-07-30 18:21:02,0
2013-07-30 18:22:15,0
0,2013-07-30 18:53:21
0,2013-07-30 18:25:57
2013-07-30 18:22:50,0
2013-07-30 18:22:57,0
2013-07-30 18:24:49,0
2013-07-30 18:25:43,0
0,2013-07-30 18:41:58
2013-07-30 18:26:51,0
2013-07-30 18:32:10,0
2013-07-30 18:32:43,0
0,2013-07-30 18:37:17
2013-07-30 18:37:25,0
2013-07-30 18:40:12,0
2013-07-30 18:42:08,0
2013-07-30 18:52:04,0
2013-07-30 18:52:27,0
2013-07-30 18:54:09,0
2013-07-30 18:56:44,0
0,2013-07-30 19:25:24
0,2013-07-30 19:25:19
0,2013-07-30 19:30:05
0,2013-07-30 19:32:44
2013-07-30 19:25:44,0
0,2013-07-30 19:32:57
2013-07-30 19:30:37,0
0,2013-07-30 19:32:46
2013-07-30 19:32:59,0
2013-07-30 19:41:46,0
2013-07-30 19:43:23,0
2013-07-30 19:43:55,0
0,2013-07-30 20:32:40
2013-07-30 20:39:44,0
0,2013-07-30 20:53:01
2013-07-30 21:05:09,0
0,2013-07-30 21:56:20
0,2013-07-30 21:39:34
0,2013-07-30 21:52:04
0,2013-07-30 21:41:39
0,2013-07-30 21:52:33
2013-07-30 21:43:26,0
2013-07-30 21:46:21,0
2013-07-30 21:52:13,0
2013-07-30 22:09:33,0
2013-07-30 22:57:33,0
0,2013-07-30 23:15:59
0,2013-07-30 23:18:40
0,2013-07-30 23:16:09
2013-07-30 23:19:36,0
2013-07-30 23:19:38,0
2013-07-30 23:26:32,0
0,2013-07-31 00:06:34
0,2013-07-31 00:08:30
0,2013-07-31 00:30:58
0,2013-07-31 00:37:08
2013-07-31 01:35:11,0
2013-07-31 01:35:26,0
0,2013-07-31 03:44:48
2013-07-31 03:45:13,0
0,2013-07-31 05:25:18
2013-07-31 05:47:21,0
0,2013-07-31 06:40:14
0,2013-07-31 06:36:17
2013-07-31 06:38:46,0
2013-07-31 07:16:33,0
0,2013-07-31 07:31:27
2013-07-31 07:33:03,0
0,2013-07-31 08:00:41
0,2013-07-31 07:55:53
0,2013-07-31 08:15:35
0,2013-07-31 07:58:49
0,2013-07-31 07:58:34
2013-07-31 08:01:43,0
2013-07-31 08:05:33,0
0,2013-07-31 08:37:07
2013-07-31 08:10:18,0
0,2013-07-31 08:27:30
2013-07-31 08:14:01,0
0,2013-07-31 08:37:04
0,2013-07-31 08:40:05
2013-07-31 08:20:51,0
2013-07-31 08:25:05,0
0,2013-07-31 08:33:32
0,2013-07-31 08:44:16
0,2013-07-31 08:52:03
0,2013-07-31 08:51:10
2013-07-31 08:45:21,0
2013-07-31 08:46:13,0
0,2013-07-31 09:07:54
0,2013-07-31 08:58:45
0,2013-07-31 08:58:03
0,2013-07-31 08:55:42
0,2013-07-31 09:02:08
0,2013-07-31 09:07:51
2013-07-31 08:58:27,0
0,2013-07-31 09:13:32
2013-07-31 09:05:15,0
0,2013-07-31 09:33:02
2013-07-31 09:06:59,0
0,2013-07-31 09:37:39
0,2013-07-31 09:41:12
0,2013-07-31 09:28:10
0,2013-07-31 09:25:47
0,2013-07-31 09:39:27
2013-07-31 09:23:19,0
2013-07-31 09:23:38,0
2013-07-31 09:38:49,0
2013-07-31 09:40:32,0
0,2013-07-31 09:55:40
0,2013-07-31 10:01:28
0,2013-07-31 09:57:20
0,2013-07-31 09:59:56
0,2013-07-31 10:12:17
0,2013-07-31 10:12:26
0,2013-07-31 10:16:04
2013-07-31 10:11:17,0
2013-07-31 10:15:17,0
0,2013-07-31 10:27:13
0,2013-07-31 10:34:27
2013-07-31 10:31:20,0
0,2013-07-31 10:52:04
0,2013-07-31 11:00:45
0,2013-07-31 11:26:57
2013-07-31 11:21:46,0
0,2013-07-31 12:13:05
0,2013-07-31 11:39:50
0,2013-07-31 11:40:01
0,2013-07-31 11:55:30
2013-07-31 11:37:32,0
0,2013-07-31 12:00:13
2013-07-31 11:47:30,0
2013-07-31 11:49:29,0
0,2013-07-31 12:07:47
2013-07-31 11:58:03,0
2013-07-31 12:00:17,0
0,2013-07-31 12:16:26
0,2013-07-31 13:17:56
2013-07-31 12:12:21,0
2013-07-31 12:15:54,0
2013-07-31 12:19:43,0
2013-07-31 12:21:37,0
2013-07-31 12:22:33,0
2013-07-31 12:24:21,0
0,2013-07-31 12:52:40
2013-07-31 12:29:28,0
2013-07-31 12:30:35,0
2013-07-31 12:35:30,0
2013-07-31 12:35:46,0
2013-07-31 12:36:04,0
0,2013-07-31 12:50:59
0,2013-07-31 12:45:17
2013-07-31 12:37:24,0
2013-07-31 12:43:35,0
0,2013-07-31 12:53:08
2013-07-31 12:59:04,0
2013-07-31 13:05:40,0
2013-07-31 13:15:27,0
2013-07-31 13:17:18,0
2013-07-31 13:37:00,0
0,2013-07-31 14:04:44
2013-07-31 13:53:21,0
2013-07-31 13:54:59,0
2013-07-31 13:55:18,0
2013-07-31 13:58:51,0
2013-07-31 14:10:55,0
0,2013-07-31 14:18:57
2013-07-31 14:23:08,0
0,2013-07-31 14:45:18
0,2013-07-31 14:44:42
0,2013-07-31 14:49:56
0,2013-07-31 15:21:09
0,2013-07-31 15:20:57
0,2013-07-31 15:07:59
0,2013-07-31 15:04:07
0,2013-07-31 15:07:36
0,2013-07-31 15:23:26
2013-07-31 15:04:16,0
2013-07-31 15:16:23,0
2013-07-31 15:16:45,0
0,2013-07-31 15:39:42
2013-07-31 15:48:55,0
2013-07-31 15:50:43,0
2013-07-31 15:59:50,0
2013-07-31 16:04:56,0
2013-07-31 16:13:14,0
2013-07-31 16:13:22,0
2013-07-31 16:13:25,0
2013-07-31 16:18:15,0
2013-07-31 16:18:19,0
2013-07-31 16:26:31,0
2013-07-31 16:31:45,0
0,2013-07-31 17:02:03
0,2013-07-31 16:40:36
2013-07-31 16:36:15,0
0,2013-07-31 16:46:08
2013-07-31 16:46:27,0
0,2013-07-31 17:05:26
0,2013-07-31 17:05:48
0,2013-07-31 17:22:57
2013-07-31 17:01:41,0
2013-07-31 17:02:32,0
0,2013-07-31 17:24:44
2013-07-31 17:10:48,0
2013-07-31 17:12:35,0
2013-07-31 17:14:05,0
2013-07-31 17:14:13,0
0,2013-07-31 17:33:31
2013-07-31 17:18:20,0
2013-07-31 17:18:46,0
2013-07-31 17:18:58,0
2013-07-31 17:23:50,0
2013-07-31 17:30:02,0
0,2013-07-31 18:12:27
0,2013-07-31 18:09:41
2013-07-31 17:32:25,0
2013-07-31 17:40:08,0
0,2013-07-31 17:45:24
0,2013-07-31 17:47:47
2013-07-31 17:45:44,0
2013-07-31 17:46:05,0
2013-07-31 17:48:11,0
2013-07-31 17:53:35,0
0,2013-07-31 18:14:47
2013-07-31 17:59:02,0
2013-07-31 17:59:18,0
2013-07-31 17:59:51,0
0,2013-07-31 18:18:48
2013-07-31 18:01:38,0
2013-07-31 18:02:35,0
2013-07-31 18:05:08,0
2013-07-31 18:10:22,0
2013-07-31 18:10:41,0
2013-07-31 18:13:44,0
2013-07-31 18:14:51,0
0,2013-07-31 18:26:48
2013-07-31 18:19:41,0
0,2013-07-31 18:41:34
2013-07-31 18:29:49,0
2013-07-31 18:41:51,0
0,2013-07-31 18:51:41
0,2013-07-31 19:25:19
0,2013-07-31 19:25:10
2013-07-31 18:52:11,0
0,2013-07-31 19:14:06
0,2013-07-31 19:16:58
0,2013-07-31 19:16:52
2013-07-31 19:15:05,0
0,2013-07-31 19:34:05
2013-07-31 19:21:13,0
0,2013-07-31 19:24:40
0,2013-07-31 19:30:11
2013-07-31 19:25:53,0
0,2013-07-31 19:55:54
2013-07-31 19:46:04,0
2013-07-31 19:48:18,0
2013-07-31 19:51:49,0
2013-07-31 19:55:12,0
2013-07-31 20:03:26,0
2013-07-31 20:07:52,0
2013-07-31 20:11:22,0
2013-07-31 20:15:51,0
2013-07-31 20:16:09,0
2013-07-31 20:31:24,0
2013-07-31 20:44:33,0
0,2013-07-31 20:52:52
2013-07-31 20:59:53,0
2013-07-31 21:08:21,0
2013-07-31 21:29:08,0
0,2013-07-31 22:04:26
0,2013-07-31 22:14:04
0,2013-07-31 22:22:28
0,2013-07-31 23:27:17
2013-07-31 23:11:03,0
